{
  "$id": "1",
  "$values": [
    {
      "$id": "2",
      "TransactionId": "ee6798d4-2349-44aa-866a-d4c9b6f00543",
      "TransactionType": "Transfer",
      "TransactionDate": "2023-02-28",
      "TransactionTime": "12:00:00",
      "PriorBalance": 15000,
      "TransactionAmount": 800,
      "SourceAccountNumber": 14701211,
      "TargetAccountNumber": 14701211,
      "Description": "Transfer from checking to savings account-(TRANSFER)"
    },
    {
      "$id": "3",
      "TransactionId": "29e47c4c-d41a-4a49-9efa-df2597888df9",
      "TransactionType": "Transfer",
      "TransactionDate": "2023-03-31",
      "TransactionTime": "12:00:00",
      "PriorBalance": 15800,
      "TransactionAmount": 900,
      "SourceAccountNumber": 14701211,
      "TargetAccountNumber": 14701211,
      "Description": "Transfer from checking to savings account-(TRANSFER)"
    },
    {
      "$id": "4",
      "TransactionId": "da79cc95-d810-42a7-b62e-c96bdf2ef10d",
      "TransactionType": "Transfer",
      "TransactionDate": "2023-04-30",
      "TransactionTime": "12:00:00",
      "PriorBalance": 16700,
      "TransactionAmount": 700,
      "SourceAccountNumber": 14701211,
      "TargetAccountNumber": 14701211,
      "Description": "Transfer from checking to savings account-(TRANSFER)"
    },
    {
      "$id": "5",
      "TransactionId": "eb1cfd9a-2e01-4d17-bdd7-803524e20a77",
      "TransactionType": "Transfer",
      "TransactionDate": "2023-05-13",
      "TransactionTime": "21:00:00",
      "PriorBalance": 17400,
      "TransactionAmount": 1156,
      "SourceAccountNumber": 14701211,
      "TargetAccountNumber": 14701211,
      "Description": "free overdraft protection-(TRANSFER)-(TRANSFER)"
    },
    {
      "$id": "6",
      "TransactionId": "6e0ab922-801c-4e6d-980a-a9eb4d328140",
      "TransactionType": "Transfer",
      "TransactionDate": "2023-06-30",
      "TransactionTime": "12:00:00",
      "PriorBalance": 16244,
      "TransactionAmount": 900,
      "SourceAccountNumber": 14701211,
      "TargetAccountNumber": 14701211,
      "Description": "Transfer from checking to savings account-(TRANSFER)"
    },
    {
      "$id": "7",
      "TransactionId": "506f54aa-65ec-41a7-9012-31f8a44a4e3a",
      "TransactionType": "Transfer",
      "TransactionDate": "2023-10-31",
      "TransactionTime": "12:00:00",
      "PriorBalance": 17144,
      "TransactionAmount": 700,
      "SourceAccountNumber": 14701211,
      "TargetAccountNumber": 14701211,
      "Description": "Transfer from checking to savings account-(TRANSFER)"
    },
    {
      "$id": "8",
      "TransactionId": "2a707162-dbf9-4535-a89d-95a7b7ca04f3",
      "TransactionType": "Transfer",
      "TransactionDate": "2023-11-06",
      "TransactionTime": "08:00:00",
      "PriorBalance": 17844,
      "TransactionAmount": 1400,
      "SourceAccountNumber": 14701211,
      "TargetAccountNumber": 14701211,
      "Description": "free overdraft protection-(TRANSFER)-(TRANSFER)"
    },
    {
      "$id": "9",
      "TransactionId": "b0367890-96db-43fd-bfd7-83ecd83a6f1d",
      "TransactionType": "Transfer",
      "TransactionDate": "2023-12-11",
      "TransactionTime": "08:00:00",
      "PriorBalance": 16444,
      "TransactionAmount": 1400,
      "SourceAccountNumber": 14701211,
      "TargetAccountNumber": 14701211,
      "Description": "free overdraft protection-(TRANSFER)-(TRANSFER)"
    },
    {
      "$id": "10",
      "TransactionId": "ef3f754d-e4f4-4f6a-9edf-5168ab1c276c",
      "TransactionType": "Transfer",
      "TransactionDate": "2024-01-31",
      "TransactionTime": "12:00:00",
      "PriorBalance": 15044,
      "TransactionAmount": 900,
      "SourceAccountNumber": 14701211,
      "TargetAccountNumber": 14701211,
      "Description": "Transfer from checking to savings account-(TRANSFER)"
    },
    {
      "$id": "11",
      "TransactionId": "7db2b76b-660c-4284-ad5c-4dbb60dd47d9",
      "TransactionType": "Transfer",
      "TransactionDate": "2024-04-13",
      "TransactionTime": "21:00:00",
      "PriorBalance": 15944,
      "TransactionAmount": 1160,
      "SourceAccountNumber": 14701211,
      "TargetAccountNumber": 14701211,
      "Description": "free overdraft protection-(TRANSFER)-(TRANSFER)"
    },
    {
      "$id": "12",
      "TransactionId": "cd7611de-8589-4b9e-b85a-04de2f4c8cea",
      "TransactionType": "Transfer",
      "TransactionDate": "2024-05-31",
      "TransactionTime": "12:00:00",
      "PriorBalance": 14784,
      "TransactionAmount": 800,
      "SourceAccountNumber": 14701211,
      "TargetAccountNumber": 14701211,
      "Description": "Transfer from checking to savings account-(TRANSFER)"
    },
    {
      "$id": "13",
      "TransactionId": "b7ba46dd-ff8e-4b4a-a358-515ac313e442",
      "TransactionType": "Transfer",
      "TransactionDate": "2024-06-10",
      "TransactionTime": "08:00:00",
      "PriorBalance": 15584,
      "TransactionAmount": 1400,
      "SourceAccountNumber": 14701211,
      "TargetAccountNumber": 14701211,
      "Description": "free overdraft protection-(TRANSFER)-(TRANSFER)"
    },
    {
      "$id": "14",
      "TransactionId": "90be3d47-e05c-4c64-beea-058321233227",
      "TransactionType": "Transfer",
      "TransactionDate": "2024-07-31",
      "TransactionTime": "12:00:00",
      "PriorBalance": 14184,
      "TransactionAmount": 900,
      "SourceAccountNumber": 14701211,
      "TargetAccountNumber": 14701211,
      "Description": "Transfer from checking to savings account-(TRANSFER)"
    },
    {
      "$id": "15",
      "TransactionId": "4dc781d3-c32a-42a7-9518-f1591370d117",
      "TransactionType": "Transfer",
      "TransactionDate": "2024-09-09",
      "TransactionTime": "08:00:00",
      "PriorBalance": 15084,
      "TransactionAmount": 1400,
      "SourceAccountNumber": 14701211,
      "TargetAccountNumber": 14701211,
      "Description": "free overdraft protection-(TRANSFER)-(TRANSFER)"
    },
    {
      "$id": "16",
      "TransactionId": "fbc489fb-eb0e-44af-915e-8d2e79c034db",
      "TransactionType": "Transfer",
      "TransactionDate": "2024-11-11",
      "TransactionTime": "08:00:00",
      "PriorBalance": 13684,
      "TransactionAmount": 1400,
      "SourceAccountNumber": 14701211,
      "TargetAccountNumber": 14701211,
      "Description": "free overdraft protection-(TRANSFER)-(TRANSFER)"
    },
    {
      "$id": "17",
      "TransactionId": "b1548e4a-1bd0-4c7d-bcaa-9b277fe46370",
      "TransactionType": "Transfer",
      "TransactionDate": "2024-12-31",
      "TransactionTime": "12:00:00",
      "PriorBalance": 12284,
      "TransactionAmount": 900,
      "SourceAccountNumber": 14701211,
      "TargetAccountNumber": 14701211,
      "Description": "Transfer from checking to savings account-(TRANSFER)"
    },
    {
      "$id": "18",
      "TransactionId": "ae440554-b9d3-4bab-98c2-e5cbf7cfb22c",
      "TransactionType": "Transfer",
      "TransactionDate": "2025-02-10",
      "TransactionTime": "08:00:00",
      "PriorBalance": 13184,
      "TransactionAmount": 1400,
      "SourceAccountNumber": 14701211,
      "TargetAccountNumber": 14701211,
      "Description": "free overdraft protection-(TRANSFER)-(TRANSFER)"
    }
  ]
}