{
  "$id": "1",
  "$values": [
    {
      "$id": "2",
      "TransactionId": "3c26a90a-b7f5-4da8-8dcf-5add03094f00",
      "TransactionType": "Transfer",
      "TransactionDate": "2023-02-28",
      "TransactionTime": "12:00:00",
      "PriorBalance": 15000,
      "TransactionAmount": 800,
      "SourceAccountNumber": 14701286,
      "TargetAccountNumber": 14701286,
      "Description": "Transfer from checking to savings account-(TRANSFER)"
    },
    {
      "$id": "3",
      "TransactionId": "7ff1f30e-a9a2-4806-b0e1-4b9ea02221bc",
      "TransactionType": "Transfer",
      "TransactionDate": "2023-03-31",
      "TransactionTime": "12:00:00",
      "PriorBalance": 15800,
      "TransactionAmount": 900,
      "SourceAccountNumber": 14701286,
      "TargetAccountNumber": 14701286,
      "Description": "Transfer from checking to savings account-(TRANSFER)"
    },
    {
      "$id": "4",
      "TransactionId": "d2094b4d-7411-482d-9a32-2e16b18855c6",
      "TransactionType": "Transfer",
      "TransactionDate": "2023-04-30",
      "TransactionTime": "12:00:00",
      "PriorBalance": 16700,
      "TransactionAmount": 700,
      "SourceAccountNumber": 14701286,
      "TargetAccountNumber": 14701286,
      "Description": "Transfer from checking to savings account-(TRANSFER)"
    },
    {
      "$id": "5",
      "TransactionId": "cc6f4c69-c420-4464-a68d-d58671d05283",
      "TransactionType": "Transfer",
      "TransactionDate": "2023-05-13",
      "TransactionTime": "21:00:00",
      "PriorBalance": 17400,
      "TransactionAmount": 1175,
      "SourceAccountNumber": 14701286,
      "TargetAccountNumber": 14701286,
      "Description": "free overdraft protection-(TRANSFER)-(TRANSFER)"
    },
    {
      "$id": "6",
      "TransactionId": "2a920b8f-64e4-4411-b1f6-a8794191cd12",
      "TransactionType": "Transfer",
      "TransactionDate": "2023-07-10",
      "TransactionTime": "12:00:00",
      "PriorBalance": 16225,
      "TransactionAmount": 1050,
      "SourceAccountNumber": 14701286,
      "TargetAccountNumber": 14701286,
      "Description": "free overdraft protection-(TRANSFER)-(TRANSFER)"
    },
    {
      "$id": "7",
      "TransactionId": "cd5a3e9d-bbbf-426f-af96-3c9d01855779",
      "TransactionType": "Transfer",
      "TransactionDate": "2023-10-16",
      "TransactionTime": "08:00:00",
      "PriorBalance": 15175,
      "TransactionAmount": 1400,
      "SourceAccountNumber": 14701286,
      "TargetAccountNumber": 14701286,
      "Description": "free overdraft protection-(TRANSFER)-(TRANSFER)"
    },
    {
      "$id": "8",
      "TransactionId": "48202af7-e169-4590-b9dd-0dcc8438b2f2",
      "TransactionType": "Transfer",
      "TransactionDate": "2024-02-05",
      "TransactionTime": "08:00:00",
      "PriorBalance": 13775,
      "TransactionAmount": 1400,
      "SourceAccountNumber": 14701286,
      "TargetAccountNumber": 14701286,
      "Description": "free overdraft protection-(TRANSFER)-(TRANSFER)"
    },
    {
      "$id": "9",
      "TransactionId": "fdf5cbf8-d562-4c36-ad22-2a2b5617c3ea",
      "TransactionType": "Transfer",
      "TransactionDate": "2024-04-30",
      "TransactionTime": "12:00:00",
      "PriorBalance": 12375,
      "TransactionAmount": 900,
      "SourceAccountNumber": 14701286,
      "TargetAccountNumber": 14701286,
      "Description": "Transfer from checking to savings account-(TRANSFER)"
    },
    {
      "$id": "10",
      "TransactionId": "1b05f0e6-738b-4b2b-9174-86c1109f988f",
      "TransactionType": "Transfer",
      "TransactionDate": "2024-07-15",
      "TransactionTime": "08:00:00",
      "PriorBalance": 13275,
      "TransactionAmount": 1400,
      "SourceAccountNumber": 14701286,
      "TargetAccountNumber": 14701286,
      "Description": "free overdraft protection-(TRANSFER)-(TRANSFER)"
    },
    {
      "$id": "11",
      "TransactionId": "32db4a97-da44-4b55-8547-d8436649a7e2",
      "TransactionType": "Transfer",
      "TransactionDate": "2024-08-31",
      "TransactionTime": "12:00:00",
      "PriorBalance": 11875,
      "TransactionAmount": 900,
      "SourceAccountNumber": 14701286,
      "TargetAccountNumber": 14701286,
      "Description": "Transfer from checking to savings account-(TRANSFER)"
    },
    {
      "$id": "12",
      "TransactionId": "11ab9380-1290-42c9-931e-25662b72cc99",
      "TransactionType": "Transfer",
      "TransactionDate": "2024-10-14",
      "TransactionTime": "08:00:00",
      "PriorBalance": 12775,
      "TransactionAmount": 1400,
      "SourceAccountNumber": 14701286,
      "TargetAccountNumber": 14701286,
      "Description": "free overdraft protection-(TRANSFER)-(TRANSFER)"
    },
    {
      "$id": "13",
      "TransactionId": "fe3ccbcb-acb5-4a44-9d37-6db463533f41",
      "TransactionType": "Transfer",
      "TransactionDate": "2024-12-09",
      "TransactionTime": "08:00:00",
      "PriorBalance": 11375,
      "TransactionAmount": 1400,
      "SourceAccountNumber": 14701286,
      "TargetAccountNumber": 14701286,
      "Description": "free overdraft protection-(TRANSFER)-(TRANSFER)"
    }
  ]
}