{
  "$id": "1",
  "$values": [
    {
      "$id": "2",
      "TransactionId": "5f95cb87-9deb-4149-9994-b8e55e9b35a3",
      "TransactionType": "Transfer",
      "TransactionDate": "2023-02-28",
      "TransactionTime": "12:00:00",
      "PriorBalance": 15000,
      "TransactionAmount": 700,
      "SourceAccountNumber": 14701193,
      "TargetAccountNumber": 14701193,
      "Description": "Transfer from checking to savings account-(TRANSFER)"
    },
    {
      "$id": "3",
      "TransactionId": "4c56c793-7029-4fa8-9340-8d2605fbfeb8",
      "TransactionType": "Transfer",
      "TransactionDate": "2023-03-31",
      "TransactionTime": "12:00:00",
      "PriorBalance": 15700,
      "TransactionAmount": 700,
      "SourceAccountNumber": 14701193,
      "TargetAccountNumber": 14701193,
      "Description": "Transfer from checking to savings account-(TRANSFER)"
    },
    {
      "$id": "4",
      "TransactionId": "0a02cb8a-8218-4ff7-b46b-73d73e2e67f0",
      "TransactionType": "Transfer",
      "TransactionDate": "2023-05-15",
      "TransactionTime": "08:00:00",
      "PriorBalance": 16400,
      "TransactionAmount": 1400,
      "SourceAccountNumber": 14701193,
      "TargetAccountNumber": 14701193,
      "Description": "free overdraft protection-(TRANSFER)-(TRANSFER)"
    },
    {
      "$id": "5",
      "TransactionId": "1dab10ea-548b-4c6c-86bf-5acda31d1ab2",
      "TransactionType": "Transfer",
      "TransactionDate": "2023-06-30",
      "TransactionTime": "12:00:00",
      "PriorBalance": 15000,
      "TransactionAmount": 900,
      "SourceAccountNumber": 14701193,
      "TargetAccountNumber": 14701193,
      "Description": "Transfer from checking to savings account-(TRANSFER)"
    },
    {
      "$id": "6",
      "TransactionId": "e98f1c90-dffc-4e33-9248-4a67b169fb63",
      "TransactionType": "Transfer",
      "TransactionDate": "2023-07-31",
      "TransactionTime": "12:00:00",
      "PriorBalance": 15900,
      "TransactionAmount": 800,
      "SourceAccountNumber": 14701193,
      "TargetAccountNumber": 14701193,
      "Description": "Transfer from checking to savings account-(TRANSFER)"
    },
    {
      "$id": "7",
      "TransactionId": "8e5d46c0-a517-42a1-9bae-a3f133b3509f",
      "TransactionType": "Transfer",
      "TransactionDate": "2023-08-14",
      "TransactionTime": "08:00:00",
      "PriorBalance": 16700,
      "TransactionAmount": 1400,
      "SourceAccountNumber": 14701193,
      "TargetAccountNumber": 14701193,
      "Description": "free overdraft protection-(TRANSFER)-(TRANSFER)"
    },
    {
      "$id": "8",
      "TransactionId": "ac279557-b781-427b-8f19-162c0494fe45",
      "TransactionType": "Transfer",
      "TransactionDate": "2023-09-30",
      "TransactionTime": "12:00:00",
      "PriorBalance": 15300,
      "TransactionAmount": 800,
      "SourceAccountNumber": 14701193,
      "TargetAccountNumber": 14701193,
      "Description": "Transfer from checking to savings account-(TRANSFER)"
    },
    {
      "$id": "9",
      "TransactionId": "4a6d54b4-34dc-47b9-8a88-bae9ce822322",
      "TransactionType": "Transfer",
      "TransactionDate": "2023-10-16",
      "TransactionTime": "08:00:00",
      "PriorBalance": 16100,
      "TransactionAmount": 1400,
      "SourceAccountNumber": 14701193,
      "TargetAccountNumber": 14701193,
      "Description": "free overdraft protection-(TRANSFER)-(TRANSFER)"
    },
    {
      "$id": "10",
      "TransactionId": "d2b19026-2b03-4ab1-81ac-c8bcb04acae1",
      "TransactionType": "Transfer",
      "TransactionDate": "2023-11-30",
      "TransactionTime": "12:00:00",
      "PriorBalance": 14700,
      "TransactionAmount": 800,
      "SourceAccountNumber": 14701193,
      "TargetAccountNumber": 14701193,
      "Description": "Transfer from checking to savings account-(TRANSFER)"
    },
    {
      "$id": "11",
      "TransactionId": "da8886cb-70e5-46c9-a385-5189b798a471",
      "TransactionType": "Transfer",
      "TransactionDate": "2024-01-08",
      "TransactionTime": "08:00:00",
      "PriorBalance": 15500,
      "TransactionAmount": 1400,
      "SourceAccountNumber": 14701193,
      "TargetAccountNumber": 14701193,
      "Description": "free overdraft protection-(TRANSFER)-(TRANSFER)"
    },
    {
      "$id": "12",
      "TransactionId": "ca411797-3c1f-450e-a38b-d99a1c36f3f3",
      "TransactionType": "Transfer",
      "TransactionDate": "2024-04-15",
      "TransactionTime": "08:00:00",
      "PriorBalance": 14100,
      "TransactionAmount": 1400,
      "SourceAccountNumber": 14701193,
      "TargetAccountNumber": 14701193,
      "Description": "free overdraft protection-(TRANSFER)-(TRANSFER)"
    },
    {
      "$id": "13",
      "TransactionId": "0cd7e9a8-886f-4d0f-a744-c6eae9691ec7",
      "TransactionType": "Transfer",
      "TransactionDate": "2024-06-30",
      "TransactionTime": "12:00:00",
      "PriorBalance": 12700,
      "TransactionAmount": 900,
      "SourceAccountNumber": 14701193,
      "TargetAccountNumber": 14701193,
      "Description": "Transfer from checking to savings account-(TRANSFER)"
    },
    {
      "$id": "14",
      "TransactionId": "e10d8170-7631-44a8-a9dd-0db06ac32b44",
      "TransactionType": "Transfer",
      "TransactionDate": "2024-07-15",
      "TransactionTime": "08:00:00",
      "PriorBalance": 13600,
      "TransactionAmount": 1400,
      "SourceAccountNumber": 14701193,
      "TargetAccountNumber": 14701193,
      "Description": "free overdraft protection-(TRANSFER)-(TRANSFER)"
    },
    {
      "$id": "15",
      "TransactionId": "958a199d-d02b-477d-af6b-91f210d77546",
      "TransactionType": "Transfer",
      "TransactionDate": "2024-08-31",
      "TransactionTime": "12:00:00",
      "PriorBalance": 12200,
      "TransactionAmount": 700,
      "SourceAccountNumber": 14701193,
      "TargetAccountNumber": 14701193,
      "Description": "Transfer from checking to savings account-(TRANSFER)"
    },
    {
      "$id": "16",
      "TransactionId": "3de63f8a-a5bf-42dd-acb5-c749c7a580ba",
      "TransactionType": "Transfer",
      "TransactionDate": "2024-09-14",
      "TransactionTime": "21:00:00",
      "PriorBalance": 12900,
      "TransactionAmount": 1205,
      "SourceAccountNumber": 14701193,
      "TargetAccountNumber": 14701193,
      "Description": "free overdraft protection-(TRANSFER)-(TRANSFER)"
    },
    {
      "$id": "17",
      "TransactionId": "384ec1e1-4864-4313-a9e2-8f7731978339",
      "TransactionType": "Transfer",
      "TransactionDate": "2024-12-10",
      "TransactionTime": "12:00:00",
      "PriorBalance": 11695,
      "TransactionAmount": 1050,
      "SourceAccountNumber": 14701193,
      "TargetAccountNumber": 14701193,
      "Description": "free overdraft protection-(TRANSFER)-(TRANSFER)"
    },
    {
      "$id": "18",
      "TransactionId": "311ccb0c-5efd-462b-b0f7-9ed7585bc95d",
      "TransactionType": "Transfer",
      "TransactionDate": "2025-01-31",
      "TransactionTime": "12:00:00",
      "PriorBalance": 10645,
      "TransactionAmount": 800,
      "SourceAccountNumber": 14701193,
      "TargetAccountNumber": 14701193,
      "Description": "Transfer from checking to savings account-(TRANSFER)"
    }
  ]
}