{
  "$id": "1",
  "$values": [
    {
      "$id": "2",
      "TransactionId": "94bb5194-6687-4e6e-a51e-c3e0b37d5f29",
      "TransactionType": "Transfer",
      "TransactionDate": "2023-02-28",
      "TransactionTime": "12:00:00",
      "PriorBalance": 15000,
      "TransactionAmount": 900,
      "SourceAccountNumber": 14701166,
      "TargetAccountNumber": 14701166,
      "Description": "Transfer from checking to savings account-(TRANSFER)"
    },
    {
      "$id": "3",
      "TransactionId": "138ea68a-3fe9-49c1-a1e3-275c3c4f93d0",
      "TransactionType": "Transfer",
      "TransactionDate": "2023-03-31",
      "TransactionTime": "12:00:00",
      "PriorBalance": 15900,
      "TransactionAmount": 700,
      "SourceAccountNumber": 14701166,
      "TargetAccountNumber": 14701166,
      "Description": "Transfer from checking to savings account-(TRANSFER)"
    },
    {
      "$id": "4",
      "TransactionId": "450575ff-44dd-4c7d-b972-1921ed40b2e9",
      "TransactionType": "Transfer",
      "TransactionDate": "2023-05-08",
      "TransactionTime": "08:00:00",
      "PriorBalance": 16600,
      "TransactionAmount": 1400,
      "SourceAccountNumber": 14701166,
      "TargetAccountNumber": 14701166,
      "Description": "free overdraft protection-(TRANSFER)-(TRANSFER)"
    },
    {
      "$id": "5",
      "TransactionId": "54071880-7d83-4c87-9ad1-e92addca1384",
      "TransactionType": "Transfer",
      "TransactionDate": "2023-07-01",
      "TransactionTime": "21:00:00",
      "PriorBalance": 15200,
      "TransactionAmount": 1182,
      "SourceAccountNumber": 14701166,
      "TargetAccountNumber": 14701166,
      "Description": "free overdraft protection-(TRANSFER)-(TRANSFER)"
    },
    {
      "$id": "6",
      "TransactionId": "910aa606-0c36-49c6-8cc6-983cb2c78e48",
      "TransactionType": "Transfer",
      "TransactionDate": "2023-08-14",
      "TransactionTime": "08:00:00",
      "PriorBalance": 14018,
      "TransactionAmount": 1400,
      "SourceAccountNumber": 14701166,
      "TargetAccountNumber": 14701166,
      "Description": "free overdraft protection-(TRANSFER)-(TRANSFER)"
    },
    {
      "$id": "7",
      "TransactionId": "c7b79867-a9bd-4442-83a7-ae1b271b3c9c",
      "TransactionType": "Transfer",
      "TransactionDate": "2023-09-30",
      "TransactionTime": "12:00:00",
      "PriorBalance": 12618,
      "TransactionAmount": 800,
      "SourceAccountNumber": 14701166,
      "TargetAccountNumber": 14701166,
      "Description": "Transfer from checking to savings account-(TRANSFER)"
    },
    {
      "$id": "8",
      "TransactionId": "cbc0a9da-52f5-4a1b-b6b0-7298f22c3a7d",
      "TransactionType": "Transfer",
      "TransactionDate": "2023-10-16",
      "TransactionTime": "08:00:00",
      "PriorBalance": 13418,
      "TransactionAmount": 1400,
      "SourceAccountNumber": 14701166,
      "TargetAccountNumber": 14701166,
      "Description": "free overdraft protection-(TRANSFER)-(TRANSFER)"
    },
    {
      "$id": "9",
      "TransactionId": "0f5c4a6b-79a2-4da2-b840-f0373af67fc1",
      "TransactionType": "Transfer",
      "TransactionDate": "2023-11-30",
      "TransactionTime": "12:00:00",
      "PriorBalance": 12018,
      "TransactionAmount": 900,
      "SourceAccountNumber": 14701166,
      "TargetAccountNumber": 14701166,
      "Description": "Transfer from checking to savings account-(TRANSFER)"
    },
    {
      "$id": "10",
      "TransactionId": "149c4e71-1ac4-4928-b57d-9517d918d28a",
      "TransactionType": "Transfer",
      "TransactionDate": "2024-02-29",
      "TransactionTime": "12:00:00",
      "PriorBalance": 12918,
      "TransactionAmount": 900,
      "SourceAccountNumber": 14701166,
      "TargetAccountNumber": 14701166,
      "Description": "Transfer from checking to savings account-(TRANSFER)"
    },
    {
      "$id": "11",
      "TransactionId": "4e534fbd-60b9-4047-9315-f2337f4d5438",
      "TransactionType": "Transfer",
      "TransactionDate": "2024-06-10",
      "TransactionTime": "08:00:00",
      "PriorBalance": 13818,
      "TransactionAmount": 1400,
      "SourceAccountNumber": 14701166,
      "TargetAccountNumber": 14701166,
      "Description": "free overdraft protection-(TRANSFER)-(TRANSFER)"
    },
    {
      "$id": "12",
      "TransactionId": "33320f8e-c080-45c2-89f3-5a55c6fcc22d",
      "TransactionType": "Transfer",
      "TransactionDate": "2024-07-31",
      "TransactionTime": "12:00:00",
      "PriorBalance": 12418,
      "TransactionAmount": 700,
      "SourceAccountNumber": 14701166,
      "TargetAccountNumber": 14701166,
      "Description": "Transfer from checking to savings account-(TRANSFER)"
    },
    {
      "$id": "13",
      "TransactionId": "c6b9919b-fcee-41d3-ae2e-bfd4dbe97a74",
      "TransactionType": "Transfer",
      "TransactionDate": "2024-08-10",
      "TransactionTime": "21:00:00",
      "PriorBalance": 13118,
      "TransactionAmount": 1164,
      "SourceAccountNumber": 14701166,
      "TargetAccountNumber": 14701166,
      "Description": "free overdraft protection-(TRANSFER)-(TRANSFER)"
    },
    {
      "$id": "14",
      "TransactionId": "5f519655-5404-4547-80d3-bd633d905a2c",
      "TransactionType": "Transfer",
      "TransactionDate": "2024-09-16",
      "TransactionTime": "08:00:00",
      "PriorBalance": 11954,
      "TransactionAmount": 1400,
      "SourceAccountNumber": 14701166,
      "TargetAccountNumber": 14701166,
      "Description": "free overdraft protection-(TRANSFER)-(TRANSFER)"
    },
    {
      "$id": "15",
      "TransactionId": "c38dddf3-6ac9-4d48-b6ed-d260467eea75",
      "TransactionType": "Transfer",
      "TransactionDate": "2024-12-16",
      "TransactionTime": "08:00:00",
      "PriorBalance": 10554,
      "TransactionAmount": 1400,
      "SourceAccountNumber": 14701166,
      "TargetAccountNumber": 14701166,
      "Description": "free overdraft protection-(TRANSFER)-(TRANSFER)"
    },
    {
      "$id": "16",
      "TransactionId": "7cbdb600-22ad-434b-842c-872e02dda040",
      "TransactionType": "Transfer",
      "TransactionDate": "2025-01-31",
      "TransactionTime": "12:00:00",
      "PriorBalance": 9154,
      "TransactionAmount": 900,
      "SourceAccountNumber": 14701166,
      "TargetAccountNumber": 14701166,
      "Description": "Transfer from checking to savings account-(TRANSFER)"
    },
    {
      "$id": "17",
      "TransactionId": "1204b43a-3878-4016-8909-9e66c4e58fe9",
      "TransactionType": "Transfer",
      "TransactionDate": "2025-02-28",
      "TransactionTime": "12:00:00",
      "PriorBalance": 10054,
      "TransactionAmount": 700,
      "SourceAccountNumber": 14701166,
      "TargetAccountNumber": 14701166,
      "Description": "Transfer from checking to savings account-(TRANSFER)"
    }
  ]
}