{
  "$id": "1",
  "$values": [
    {
      "$id": "2",
      "TransactionId": "0cf677a7-cab4-48be-ab13-09bd6d73b590",
      "TransactionType": "Transfer",
      "TransactionDate": "2023-02-28",
      "TransactionTime": "12:00:00",
      "PriorBalance": 15000,
      "TransactionAmount": 900,
      "SourceAccountNumber": 14701220,
      "TargetAccountNumber": 14701220,
      "Description": "Transfer from checking to savings account-(TRANSFER)"
    },
    {
      "$id": "3",
      "TransactionId": "ef3b691a-54c4-47b8-9703-a5822235c2a8",
      "TransactionType": "Transfer",
      "TransactionDate": "2023-03-31",
      "TransactionTime": "12:00:00",
      "PriorBalance": 15900,
      "TransactionAmount": 900,
      "SourceAccountNumber": 14701220,
      "TargetAccountNumber": 14701220,
      "Description": "Transfer from checking to savings account-(TRANSFER)"
    },
    {
      "$id": "4",
      "TransactionId": "89a8300a-4611-49b5-96dc-60e32aabff89",
      "TransactionType": "Transfer",
      "TransactionDate": "2023-04-30",
      "TransactionTime": "12:00:00",
      "PriorBalance": 16800,
      "TransactionAmount": 800,
      "SourceAccountNumber": 14701220,
      "TargetAccountNumber": 14701220,
      "Description": "Transfer from checking to savings account-(TRANSFER)"
    },
    {
      "$id": "5",
      "TransactionId": "2965e60b-7264-4e36-91a9-bb0ee9049dfb",
      "TransactionType": "Transfer",
      "TransactionDate": "2023-06-12",
      "TransactionTime": "08:00:00",
      "PriorBalance": 17600,
      "TransactionAmount": 1400,
      "SourceAccountNumber": 14701220,
      "TargetAccountNumber": 14701220,
      "Description": "free overdraft protection-(TRANSFER)-(TRANSFER)"
    },
    {
      "$id": "6",
      "TransactionId": "a38b0d5e-d1fa-4f01-bae1-63af3cbf3793",
      "TransactionType": "Transfer",
      "TransactionDate": "2023-07-31",
      "TransactionTime": "12:00:00",
      "PriorBalance": 16200,
      "TransactionAmount": 700,
      "SourceAccountNumber": 14701220,
      "TargetAccountNumber": 14701220,
      "Description": "Transfer from checking to savings account-(TRANSFER)"
    },
    {
      "$id": "7",
      "TransactionId": "7d2bda30-5f02-43bd-9ac1-a693b7c82919",
      "TransactionType": "Transfer",
      "TransactionDate": "2023-08-12",
      "TransactionTime": "21:00:00",
      "PriorBalance": 16900,
      "TransactionAmount": 1172,
      "SourceAccountNumber": 14701220,
      "TargetAccountNumber": 14701220,
      "Description": "free overdraft protection-(TRANSFER)-(TRANSFER)"
    },
    {
      "$id": "8",
      "TransactionId": "895c0459-a881-47ba-b241-6f86582abf8d",
      "TransactionType": "Transfer",
      "TransactionDate": "2023-10-16",
      "TransactionTime": "08:00:00",
      "PriorBalance": 15728,
      "TransactionAmount": 1400,
      "SourceAccountNumber": 14701220,
      "TargetAccountNumber": 14701220,
      "Description": "free overdraft protection-(TRANSFER)-(TRANSFER)"
    },
    {
      "$id": "9",
      "TransactionId": "b9c7f837-bcfc-4167-87bb-5c0778ae7a0f",
      "TransactionType": "Transfer",
      "TransactionDate": "2024-01-31",
      "TransactionTime": "12:00:00",
      "PriorBalance": 14328,
      "TransactionAmount": 900,
      "SourceAccountNumber": 14701220,
      "TargetAccountNumber": 14701220,
      "Description": "Transfer from checking to savings account-(TRANSFER)"
    },
    {
      "$id": "10",
      "TransactionId": "353b6503-928b-47a4-90ff-d9332beebde2",
      "TransactionType": "Transfer",
      "TransactionDate": "2024-02-12",
      "TransactionTime": "08:00:00",
      "PriorBalance": 15228,
      "TransactionAmount": 1400,
      "SourceAccountNumber": 14701220,
      "TargetAccountNumber": 14701220,
      "Description": "free overdraft protection-(TRANSFER)-(TRANSFER)"
    },
    {
      "$id": "11",
      "TransactionId": "ea97e742-543f-41fb-8370-fb45e7ee067a",
      "TransactionType": "Transfer",
      "TransactionDate": "2024-03-31",
      "TransactionTime": "12:00:00",
      "PriorBalance": 13828,
      "TransactionAmount": 700,
      "SourceAccountNumber": 14701220,
      "TargetAccountNumber": 14701220,
      "Description": "Transfer from checking to savings account-(TRANSFER)"
    },
    {
      "$id": "12",
      "TransactionId": "fef04de4-aed8-4bb2-97e9-b7a02cb42155",
      "TransactionType": "Transfer",
      "TransactionDate": "2024-04-15",
      "TransactionTime": "08:00:00",
      "PriorBalance": 14528,
      "TransactionAmount": 1400,
      "SourceAccountNumber": 14701220,
      "TargetAccountNumber": 14701220,
      "Description": "free overdraft protection-(TRANSFER)-(TRANSFER)"
    },
    {
      "$id": "13",
      "TransactionId": "9c418bf5-6e7f-4b10-886f-56d56b61b962",
      "TransactionType": "Transfer",
      "TransactionDate": "2024-05-31",
      "TransactionTime": "12:00:00",
      "PriorBalance": 13128,
      "TransactionAmount": 700,
      "SourceAccountNumber": 14701220,
      "TargetAccountNumber": 14701220,
      "Description": "Transfer from checking to savings account-(TRANSFER)"
    },
    {
      "$id": "14",
      "TransactionId": "c927450c-eb94-4057-96ce-454fbe4e9be2",
      "TransactionType": "Transfer",
      "TransactionDate": "2024-07-01",
      "TransactionTime": "12:00:00",
      "PriorBalance": 13828,
      "TransactionAmount": 4009.3999999999996,
      "SourceAccountNumber": 14701220,
      "TargetAccountNumber": 14701220,
      "Description": "free overdraft protection-(TRANSFER)-(TRANSFER)"
    },
    {
      "$id": "15",
      "TransactionId": "9c837f4f-4fa0-41b5-a44a-17419b04f90d",
      "TransactionType": "Transfer",
      "TransactionDate": "2024-08-31",
      "TransactionTime": "12:00:00",
      "PriorBalance": 9818.6,
      "TransactionAmount": 900,
      "SourceAccountNumber": 14701220,
      "TargetAccountNumber": 14701220,
      "Description": "Transfer from checking to savings account-(TRANSFER)"
    },
    {
      "$id": "16",
      "TransactionId": "40cc0b81-4c4c-49aa-8ddd-a7fc5de455a8",
      "TransactionType": "Transfer",
      "TransactionDate": "2024-09-30",
      "TransactionTime": "12:00:00",
      "PriorBalance": 10718.6,
      "TransactionAmount": 800,
      "SourceAccountNumber": 14701220,
      "TargetAccountNumber": 14701220,
      "Description": "Transfer from checking to savings account-(TRANSFER)"
    },
    {
      "$id": "17",
      "TransactionId": "d77c6b78-cd3f-4f92-ae9c-11cc55629a35",
      "TransactionType": "Transfer",
      "TransactionDate": "2024-10-31",
      "TransactionTime": "12:00:00",
      "PriorBalance": 11518.6,
      "TransactionAmount": 800,
      "SourceAccountNumber": 14701220,
      "TargetAccountNumber": 14701220,
      "Description": "Transfer from checking to savings account-(TRANSFER)"
    },
    {
      "$id": "18",
      "TransactionId": "96fe96f9-50ed-47a8-9dcb-477e1cd45ee3",
      "TransactionType": "Transfer",
      "TransactionDate": "2024-11-30",
      "TransactionTime": "12:00:00",
      "PriorBalance": 12318.6,
      "TransactionAmount": 800,
      "SourceAccountNumber": 14701220,
      "TargetAccountNumber": 14701220,
      "Description": "Transfer from checking to savings account-(TRANSFER)"
    },
    {
      "$id": "19",
      "TransactionId": "c029f002-4734-4506-9675-4ae941536e9e",
      "TransactionType": "Transfer",
      "TransactionDate": "2024-12-16",
      "TransactionTime": "08:00:00",
      "PriorBalance": 13118.6,
      "TransactionAmount": 1400,
      "SourceAccountNumber": 14701220,
      "TargetAccountNumber": 14701220,
      "Description": "free overdraft protection-(TRANSFER)-(TRANSFER)"
    },
    {
      "$id": "20",
      "TransactionId": "a1aa40c4-3bb9-423d-8f46-5827cc5e2270",
      "TransactionType": "Transfer",
      "TransactionDate": "2025-01-31",
      "TransactionTime": "12:00:00",
      "PriorBalance": 11718.6,
      "TransactionAmount": 900,
      "SourceAccountNumber": 14701220,
      "TargetAccountNumber": 14701220,
      "Description": "Transfer from checking to savings account-(TRANSFER)"
    },
    {
      "$id": "21",
      "TransactionId": "b64c6860-0aac-4450-a949-157c58181fe7",
      "TransactionType": "Transfer",
      "TransactionDate": "2025-02-28",
      "TransactionTime": "12:00:00",
      "PriorBalance": 12618.6,
      "TransactionAmount": 700,
      "SourceAccountNumber": 14701220,
      "TargetAccountNumber": 14701220,
      "Description": "Transfer from checking to savings account-(TRANSFER)"
    }
  ]
}