{
  "$id": "1",
  "$values": [
    {
      "$id": "2",
      "TransactionId": "897d0874-4655-4817-84f8-c0d22f863232",
      "TransactionType": "Transfer",
      "TransactionDate": "2023-02-28",
      "TransactionTime": "12:00:00",
      "PriorBalance": 15000,
      "TransactionAmount": 900,
      "SourceAccountNumber": 14701187,
      "TargetAccountNumber": 14701187,
      "Description": "Transfer from checking to savings account-(TRANSFER)"
    },
    {
      "$id": "3",
      "TransactionId": "722ba457-4c28-46eb-8fd8-e70d94f5049f",
      "TransactionType": "Transfer",
      "TransactionDate": "2023-03-31",
      "TransactionTime": "12:00:00",
      "PriorBalance": 15900,
      "TransactionAmount": 900,
      "SourceAccountNumber": 14701187,
      "TargetAccountNumber": 14701187,
      "Description": "Transfer from checking to savings account-(TRANSFER)"
    },
    {
      "$id": "4",
      "TransactionId": "f932fbbd-49e5-4ed4-9334-68710ff63d82",
      "TransactionType": "Transfer",
      "TransactionDate": "2023-04-30",
      "TransactionTime": "12:00:00",
      "PriorBalance": 16800,
      "TransactionAmount": 900,
      "SourceAccountNumber": 14701187,
      "TargetAccountNumber": 14701187,
      "Description": "Transfer from checking to savings account-(TRANSFER)"
    },
    {
      "$id": "5",
      "TransactionId": "e04470c1-359d-43b2-b34d-688597a18eb4",
      "TransactionType": "Transfer",
      "TransactionDate": "2023-05-31",
      "TransactionTime": "12:00:00",
      "PriorBalance": 17700,
      "TransactionAmount": 800,
      "SourceAccountNumber": 14701187,
      "TargetAccountNumber": 14701187,
      "Description": "Transfer from checking to savings account-(TRANSFER)"
    },
    {
      "$id": "6",
      "TransactionId": "df016087-4396-43fd-bbfd-8ccb01e199a2",
      "TransactionType": "Transfer",
      "TransactionDate": "2023-06-12",
      "TransactionTime": "08:00:00",
      "PriorBalance": 18500,
      "TransactionAmount": 1400,
      "SourceAccountNumber": 14701187,
      "TargetAccountNumber": 14701187,
      "Description": "free overdraft protection-(TRANSFER)-(TRANSFER)"
    },
    {
      "$id": "7",
      "TransactionId": "b3ef1574-7c1b-407a-bf83-3c64f91d866b",
      "TransactionType": "Transfer",
      "TransactionDate": "2023-10-09",
      "TransactionTime": "08:00:00",
      "PriorBalance": 17100,
      "TransactionAmount": 1400,
      "SourceAccountNumber": 14701187,
      "TargetAccountNumber": 14701187,
      "Description": "free overdraft protection-(TRANSFER)-(TRANSFER)"
    },
    {
      "$id": "8",
      "TransactionId": "18201c5e-efbd-4963-8b0c-26d0b39a4d82",
      "TransactionType": "Transfer",
      "TransactionDate": "2024-01-31",
      "TransactionTime": "12:00:00",
      "PriorBalance": 15700,
      "TransactionAmount": 800,
      "SourceAccountNumber": 14701187,
      "TargetAccountNumber": 14701187,
      "Description": "Transfer from checking to savings account-(TRANSFER)"
    },
    {
      "$id": "9",
      "TransactionId": "8b09f74c-f532-4cce-82cf-d9edb1f9a13d",
      "TransactionType": "Transfer",
      "TransactionDate": "2024-02-12",
      "TransactionTime": "08:00:00",
      "PriorBalance": 16500,
      "TransactionAmount": 1400,
      "SourceAccountNumber": 14701187,
      "TargetAccountNumber": 14701187,
      "Description": "free overdraft protection-(TRANSFER)-(TRANSFER)"
    },
    {
      "$id": "10",
      "TransactionId": "6664be85-f8d1-4033-a538-890b1991912d",
      "TransactionType": "Transfer",
      "TransactionDate": "2024-04-15",
      "TransactionTime": "08:00:00",
      "PriorBalance": 15100,
      "TransactionAmount": 1400,
      "SourceAccountNumber": 14701187,
      "TargetAccountNumber": 14701187,
      "Description": "free overdraft protection-(TRANSFER)-(TRANSFER)"
    },
    {
      "$id": "11",
      "TransactionId": "e1389170-3fa3-423c-84c4-bd564f7f90d2",
      "TransactionType": "Transfer",
      "TransactionDate": "2024-05-31",
      "TransactionTime": "12:00:00",
      "PriorBalance": 13700,
      "TransactionAmount": 900,
      "SourceAccountNumber": 14701187,
      "TargetAccountNumber": 14701187,
      "Description": "Transfer from checking to savings account-(TRANSFER)"
    },
    {
      "$id": "12",
      "TransactionId": "d526a47a-470c-4c6a-8480-81527706b635",
      "TransactionType": "Transfer",
      "TransactionDate": "2024-07-31",
      "TransactionTime": "12:00:00",
      "PriorBalance": 14600,
      "TransactionAmount": 800,
      "SourceAccountNumber": 14701187,
      "TargetAccountNumber": 14701187,
      "Description": "Transfer from checking to savings account-(TRANSFER)"
    },
    {
      "$id": "13",
      "TransactionId": "79ad2115-46bd-4841-b3f2-758fa7ef996e",
      "TransactionType": "Transfer",
      "TransactionDate": "2024-09-02",
      "TransactionTime": "08:00:00",
      "PriorBalance": 15400,
      "TransactionAmount": 1400,
      "SourceAccountNumber": 14701187,
      "TargetAccountNumber": 14701187,
      "Description": "free overdraft protection-(TRANSFER)-(TRANSFER)"
    },
    {
      "$id": "14",
      "TransactionId": "821ce140-5b99-42fb-89ce-8c19e6cf524e",
      "TransactionType": "Transfer",
      "TransactionDate": "2024-10-31",
      "TransactionTime": "12:00:00",
      "PriorBalance": 14000,
      "TransactionAmount": 800,
      "SourceAccountNumber": 14701187,
      "TargetAccountNumber": 14701187,
      "Description": "Transfer from checking to savings account-(TRANSFER)"
    },
    {
      "$id": "15",
      "TransactionId": "3dd03b0c-1c66-4dc6-ad80-0d654ae2b70c",
      "TransactionType": "Transfer",
      "TransactionDate": "2024-11-11",
      "TransactionTime": "08:00:00",
      "PriorBalance": 14800,
      "TransactionAmount": 1400,
      "SourceAccountNumber": 14701187,
      "TargetAccountNumber": 14701187,
      "Description": "free overdraft protection-(TRANSFER)-(TRANSFER)"
    },
    {
      "$id": "16",
      "TransactionId": "62e3f6bd-5b42-4d31-bea6-8d3878e97211",
      "TransactionType": "Transfer",
      "TransactionDate": "2024-12-31",
      "TransactionTime": "12:00:00",
      "PriorBalance": 13400,
      "TransactionAmount": 800,
      "SourceAccountNumber": 14701187,
      "TargetAccountNumber": 14701187,
      "Description": "Transfer from checking to savings account-(TRANSFER)"
    },
    {
      "$id": "17",
      "TransactionId": "56459780-fc08-4fe4-8585-8a41465ce44d",
      "TransactionType": "Transfer",
      "TransactionDate": "2025-02-10",
      "TransactionTime": "12:00:00",
      "PriorBalance": 14200,
      "TransactionAmount": 1050,
      "SourceAccountNumber": 14701187,
      "TargetAccountNumber": 14701187,
      "Description": "free overdraft protection-(TRANSFER)-(TRANSFER)"
    }
  ]
}