{
  "$id": "1",
  "$values": [
    {
      "$id": "2",
      "TransactionId": "c532fe95-5971-4c06-9fd0-d115411d8b24",
      "TransactionType": "Transfer",
      "TransactionDate": "2023-02-28",
      "TransactionTime": "12:00:00",
      "PriorBalance": 15000,
      "TransactionAmount": 900,
      "SourceAccountNumber": 14701226,
      "TargetAccountNumber": 14701226,
      "Description": "Transfer from checking to savings account-(TRANSFER)"
    },
    {
      "$id": "3",
      "TransactionId": "ba82d054-2a84-4bce-b9c0-b78feba8ef6b",
      "TransactionType": "Transfer",
      "TransactionDate": "2023-03-31",
      "TransactionTime": "12:00:00",
      "PriorBalance": 15900,
      "TransactionAmount": 700,
      "SourceAccountNumber": 14701226,
      "TargetAccountNumber": 14701226,
      "Description": "Transfer from checking to savings account-(TRANSFER)"
    },
    {
      "$id": "4",
      "TransactionId": "56444c64-ac10-406d-9664-c28e1197b5cc",
      "TransactionType": "Transfer",
      "TransactionDate": "2023-09-11",
      "TransactionTime": "08:00:00",
      "PriorBalance": 16600,
      "TransactionAmount": 1400,
      "SourceAccountNumber": 14701226,
      "TargetAccountNumber": 14701226,
      "Description": "free overdraft protection-(TRANSFER)-(TRANSFER)"
    },
    {
      "$id": "5",
      "TransactionId": "ee9596e0-ffc7-4854-89bf-3c95daf791dd",
      "TransactionType": "Transfer",
      "TransactionDate": "2023-12-04",
      "TransactionTime": "08:00:00",
      "PriorBalance": 15200,
      "TransactionAmount": 1400,
      "SourceAccountNumber": 14701226,
      "TargetAccountNumber": 14701226,
      "Description": "free overdraft protection-(TRANSFER)-(TRANSFER)"
    },
    {
      "$id": "6",
      "TransactionId": "0b856d6e-9172-4ee5-89a4-9021bb80fa4e",
      "TransactionType": "Transfer",
      "TransactionDate": "2024-01-15",
      "TransactionTime": "08:00:00",
      "PriorBalance": 13800,
      "TransactionAmount": 1400,
      "SourceAccountNumber": 14701226,
      "TargetAccountNumber": 14701226,
      "Description": "free overdraft protection-(TRANSFER)-(TRANSFER)"
    },
    {
      "$id": "7",
      "TransactionId": "aab1cb91-8830-4895-a1fe-450b1223bbfb",
      "TransactionType": "Transfer",
      "TransactionDate": "2024-02-29",
      "TransactionTime": "12:00:00",
      "PriorBalance": 12400,
      "TransactionAmount": 700,
      "SourceAccountNumber": 14701226,
      "TargetAccountNumber": 14701226,
      "Description": "Transfer from checking to savings account-(TRANSFER)"
    },
    {
      "$id": "8",
      "TransactionId": "832fa0e3-b6a8-4be4-9aff-fe95b90872d8",
      "TransactionType": "Transfer",
      "TransactionDate": "2024-03-11",
      "TransactionTime": "08:00:00",
      "PriorBalance": 13100,
      "TransactionAmount": 1400,
      "SourceAccountNumber": 14701226,
      "TargetAccountNumber": 14701226,
      "Description": "free overdraft protection-(TRANSFER)-(TRANSFER)"
    },
    {
      "$id": "9",
      "TransactionId": "2c07d601-a62e-4a1c-96db-29fd7153a18d",
      "TransactionType": "Transfer",
      "TransactionDate": "2024-04-30",
      "TransactionTime": "12:00:00",
      "PriorBalance": 11700,
      "TransactionAmount": 800,
      "SourceAccountNumber": 14701226,
      "TargetAccountNumber": 14701226,
      "Description": "Transfer from checking to savings account-(TRANSFER)"
    },
    {
      "$id": "10",
      "TransactionId": "49bbb5b4-fa33-46c0-9832-a60179c6ba0d",
      "TransactionType": "Transfer",
      "TransactionDate": "2024-05-11",
      "TransactionTime": "21:00:00",
      "PriorBalance": 12500,
      "TransactionAmount": 1153,
      "SourceAccountNumber": 14701226,
      "TargetAccountNumber": 14701226,
      "Description": "free overdraft protection-(TRANSFER)-(TRANSFER)"
    },
    {
      "$id": "11",
      "TransactionId": "cc73ca74-acab-4fc5-a80e-e02f80d8ac29",
      "TransactionType": "Transfer",
      "TransactionDate": "2024-07-08",
      "TransactionTime": "08:00:00",
      "PriorBalance": 11347,
      "TransactionAmount": 1400,
      "SourceAccountNumber": 14701226,
      "TargetAccountNumber": 14701226,
      "Description": "free overdraft protection-(TRANSFER)-(TRANSFER)"
    },
    {
      "$id": "12",
      "TransactionId": "64d81535-aaeb-48ce-be02-768f049ae2ee",
      "TransactionType": "Transfer",
      "TransactionDate": "2024-08-31",
      "TransactionTime": "12:00:00",
      "PriorBalance": 9947,
      "TransactionAmount": 900,
      "SourceAccountNumber": 14701226,
      "TargetAccountNumber": 14701226,
      "Description": "Transfer from checking to savings account-(TRANSFER)"
    },
    {
      "$id": "13",
      "TransactionId": "d239a455-fcbe-4dd9-9cb1-b8c1697b44d2",
      "TransactionType": "Transfer",
      "TransactionDate": "2024-09-16",
      "TransactionTime": "08:00:00",
      "PriorBalance": 10847,
      "TransactionAmount": 1400,
      "SourceAccountNumber": 14701226,
      "TargetAccountNumber": 14701226,
      "Description": "free overdraft protection-(TRANSFER)-(TRANSFER)"
    },
    {
      "$id": "14",
      "TransactionId": "486ad2c2-5724-4e6e-95fd-95e5a4ed36ef",
      "TransactionType": "Transfer",
      "TransactionDate": "2024-10-31",
      "TransactionTime": "12:00:00",
      "PriorBalance": 9447,
      "TransactionAmount": 700,
      "SourceAccountNumber": 14701226,
      "TargetAccountNumber": 14701226,
      "Description": "Transfer from checking to savings account-(TRANSFER)"
    },
    {
      "$id": "15",
      "TransactionId": "62fc4718-1fce-4a86-9ce1-e7b96503aff4",
      "TransactionType": "Transfer",
      "TransactionDate": "2024-11-30",
      "TransactionTime": "12:00:00",
      "PriorBalance": 10147,
      "TransactionAmount": 800,
      "SourceAccountNumber": 14701226,
      "TargetAccountNumber": 14701226,
      "Description": "Transfer from checking to savings account-(TRANSFER)"
    },
    {
      "$id": "16",
      "TransactionId": "56647fc1-9c99-412b-9c8e-d720aea38f49",
      "TransactionType": "Transfer",
      "TransactionDate": "2024-12-14",
      "TransactionTime": "21:00:00",
      "PriorBalance": 10947,
      "TransactionAmount": 1158,
      "SourceAccountNumber": 14701226,
      "TargetAccountNumber": 14701226,
      "Description": "free overdraft protection-(TRANSFER)-(TRANSFER)"
    },
    {
      "$id": "17",
      "TransactionId": "9d6e2619-d86b-470a-94d9-88b605dd75a5",
      "TransactionType": "Transfer",
      "TransactionDate": "2025-01-31",
      "TransactionTime": "12:00:00",
      "PriorBalance": 9789,
      "TransactionAmount": 900,
      "SourceAccountNumber": 14701226,
      "TargetAccountNumber": 14701226,
      "Description": "Transfer from checking to savings account-(TRANSFER)"
    },
    {
      "$id": "18",
      "TransactionId": "82ef7747-33f7-4fda-963d-f08719c129df",
      "TransactionType": "Transfer",
      "TransactionDate": "2025-02-28",
      "TransactionTime": "12:00:00",
      "PriorBalance": 10689,
      "TransactionAmount": 900,
      "SourceAccountNumber": 14701226,
      "TargetAccountNumber": 14701226,
      "Description": "Transfer from checking to savings account-(TRANSFER)"
    }
  ]
}