{
  "$id": "1",
  "$values": [
    {
      "$id": "2",
      "TransactionId": "cb48f27e-dc54-4398-8914-ec8281faf5f3",
      "TransactionType": "Transfer",
      "TransactionDate": "2023-02-28",
      "TransactionTime": "12:00:00",
      "PriorBalance": 15000,
      "TransactionAmount": 800,
      "SourceAccountNumber": 14701190,
      "TargetAccountNumber": 14701190,
      "Description": "Transfer from checking to savings account-(TRANSFER)"
    },
    {
      "$id": "3",
      "TransactionId": "e2129109-12e7-4694-a0e4-211834ea787b",
      "TransactionType": "Transfer",
      "TransactionDate": "2023-03-31",
      "TransactionTime": "12:00:00",
      "PriorBalance": 15800,
      "TransactionAmount": 700,
      "SourceAccountNumber": 14701190,
      "TargetAccountNumber": 14701190,
      "Description": "Transfer from checking to savings account-(TRANSFER)"
    },
    {
      "$id": "4",
      "TransactionId": "a3069601-2652-451f-92c9-7f49f9126485",
      "TransactionType": "Transfer",
      "TransactionDate": "2023-07-10",
      "TransactionTime": "08:00:00",
      "PriorBalance": 16500,
      "TransactionAmount": 1400,
      "SourceAccountNumber": 14701190,
      "TargetAccountNumber": 14701190,
      "Description": "free overdraft protection-(TRANSFER)-(TRANSFER)"
    },
    {
      "$id": "5",
      "TransactionId": "9e702305-3ac2-4946-9a12-b2403c9bc788",
      "TransactionType": "Transfer",
      "TransactionDate": "2023-08-31",
      "TransactionTime": "12:00:00",
      "PriorBalance": 15100,
      "TransactionAmount": 900,
      "SourceAccountNumber": 14701190,
      "TargetAccountNumber": 14701190,
      "Description": "Transfer from checking to savings account-(TRANSFER)"
    },
    {
      "$id": "6",
      "TransactionId": "fdc1667e-8540-4b1b-98e5-3b87031ee084",
      "TransactionType": "Transfer",
      "TransactionDate": "2023-09-30",
      "TransactionTime": "12:00:00",
      "PriorBalance": 16000,
      "TransactionAmount": 900,
      "SourceAccountNumber": 14701190,
      "TargetAccountNumber": 14701190,
      "Description": "Transfer from checking to savings account-(TRANSFER)"
    },
    {
      "$id": "7",
      "TransactionId": "792c7d4e-3328-4107-addb-852f419e5e95",
      "TransactionType": "Transfer",
      "TransactionDate": "2023-11-13",
      "TransactionTime": "08:00:00",
      "PriorBalance": 16900,
      "TransactionAmount": 1400,
      "SourceAccountNumber": 14701190,
      "TargetAccountNumber": 14701190,
      "Description": "free overdraft protection-(TRANSFER)-(TRANSFER)"
    },
    {
      "$id": "8",
      "TransactionId": "35f67461-24c6-4049-9969-764c7b2d18e8",
      "TransactionType": "Transfer",
      "TransactionDate": "2024-01-13",
      "TransactionTime": "21:00:00",
      "PriorBalance": 15500,
      "TransactionAmount": 1211,
      "SourceAccountNumber": 14701190,
      "TargetAccountNumber": 14701190,
      "Description": "free overdraft protection-(TRANSFER)-(TRANSFER)"
    },
    {
      "$id": "9",
      "TransactionId": "9f35d450-7467-4ddf-b6e0-fb7f6b3ebda7",
      "TransactionType": "Transfer",
      "TransactionDate": "2024-04-08",
      "TransactionTime": "08:00:00",
      "PriorBalance": 14289,
      "TransactionAmount": 1400,
      "SourceAccountNumber": 14701190,
      "TargetAccountNumber": 14701190,
      "Description": "free overdraft protection-(TRANSFER)-(TRANSFER)"
    },
    {
      "$id": "10",
      "TransactionId": "4bc9e691-ce36-4609-90ec-3bd25476a5a3",
      "TransactionType": "Transfer",
      "TransactionDate": "2024-06-08",
      "TransactionTime": "21:00:00",
      "PriorBalance": 12889,
      "TransactionAmount": 1218,
      "SourceAccountNumber": 14701190,
      "TargetAccountNumber": 14701190,
      "Description": "free overdraft protection-(TRANSFER)-(TRANSFER)"
    },
    {
      "$id": "11",
      "TransactionId": "ecbb36c6-65e1-4c50-8ba4-669fafb14aa8",
      "TransactionType": "Transfer",
      "TransactionDate": "2024-07-15",
      "TransactionTime": "08:00:00",
      "PriorBalance": 11671,
      "TransactionAmount": 1400,
      "SourceAccountNumber": 14701190,
      "TargetAccountNumber": 14701190,
      "Description": "free overdraft protection-(TRANSFER)-(TRANSFER)"
    },
    {
      "$id": "12",
      "TransactionId": "9ed1b4ed-fce3-4b65-b46a-9d47104b6f5a",
      "TransactionType": "Transfer",
      "TransactionDate": "2024-08-31",
      "TransactionTime": "12:00:00",
      "PriorBalance": 10271,
      "TransactionAmount": 800,
      "SourceAccountNumber": 14701190,
      "TargetAccountNumber": 14701190,
      "Description": "Transfer from checking to savings account-(TRANSFER)"
    },
    {
      "$id": "13",
      "TransactionId": "441ee8f8-03f6-48a1-a2c9-754c82387d6b",
      "TransactionType": "Transfer",
      "TransactionDate": "2024-10-31",
      "TransactionTime": "12:00:00",
      "PriorBalance": 11071,
      "TransactionAmount": 900,
      "SourceAccountNumber": 14701190,
      "TargetAccountNumber": 14701190,
      "Description": "Transfer from checking to savings account-(TRANSFER)"
    },
    {
      "$id": "14",
      "TransactionId": "44add934-a697-4f8b-a87d-942b52b7dfb3",
      "TransactionType": "Transfer",
      "TransactionDate": "2024-12-09",
      "TransactionTime": "08:00:00",
      "PriorBalance": 11971,
      "TransactionAmount": 1400,
      "SourceAccountNumber": 14701190,
      "TargetAccountNumber": 14701190,
      "Description": "free overdraft protection-(TRANSFER)-(TRANSFER)"
    },
    {
      "$id": "15",
      "TransactionId": "8cdb2f25-7e38-4b22-9132-88573d0a9a64",
      "TransactionType": "Transfer",
      "TransactionDate": "2025-01-31",
      "TransactionTime": "12:00:00",
      "PriorBalance": 10571,
      "TransactionAmount": 800,
      "SourceAccountNumber": 14701190,
      "TargetAccountNumber": 14701190,
      "Description": "Transfer from checking to savings account-(TRANSFER)"
    }
  ]
}