{
  "$id": "1",
  "$values": [
    {
      "$id": "2",
      "TransactionId": "ff0594a6-9e27-47bb-ba64-5e11f214fb5d",
      "TransactionType": "Transfer",
      "TransactionDate": "2023-02-28",
      "TransactionTime": "12:00:00",
      "PriorBalance": 15000,
      "TransactionAmount": 800,
      "SourceAccountNumber": 14701250,
      "TargetAccountNumber": 14701250,
      "Description": "Transfer from checking to savings account-(TRANSFER)"
    },
    {
      "$id": "3",
      "TransactionId": "b011796f-435e-4b97-b23e-dc9a9d9715e5",
      "TransactionType": "Transfer",
      "TransactionDate": "2023-03-31",
      "TransactionTime": "12:00:00",
      "PriorBalance": 15800,
      "TransactionAmount": 800,
      "SourceAccountNumber": 14701250,
      "TargetAccountNumber": 14701250,
      "Description": "Transfer from checking to savings account-(TRANSFER)"
    },
    {
      "$id": "4",
      "TransactionId": "f01a5810-abec-4efb-8672-06210db5b169",
      "TransactionType": "Transfer",
      "TransactionDate": "2023-04-30",
      "TransactionTime": "12:00:00",
      "PriorBalance": 16600,
      "TransactionAmount": 800,
      "SourceAccountNumber": 14701250,
      "TargetAccountNumber": 14701250,
      "Description": "Transfer from checking to savings account-(TRANSFER)"
    },
    {
      "$id": "5",
      "TransactionId": "76fc20a4-f9ee-4627-a7bd-494171089f5a",
      "TransactionType": "Transfer",
      "TransactionDate": "2023-05-08",
      "TransactionTime": "08:00:00",
      "PriorBalance": 17400,
      "TransactionAmount": 1400,
      "SourceAccountNumber": 14701250,
      "TargetAccountNumber": 14701250,
      "Description": "free overdraft protection-(TRANSFER)-(TRANSFER)"
    },
    {
      "$id": "6",
      "TransactionId": "612d49b8-f9c6-4b12-9a9e-89cc6fdfc67d",
      "TransactionType": "Transfer",
      "TransactionDate": "2023-06-30",
      "TransactionTime": "12:00:00",
      "PriorBalance": 16000,
      "TransactionAmount": 900,
      "SourceAccountNumber": 14701250,
      "TargetAccountNumber": 14701250,
      "Description": "Transfer from checking to savings account-(TRANSFER)"
    },
    {
      "$id": "7",
      "TransactionId": "80e1f247-6d91-488e-a495-087aa84309fa",
      "TransactionType": "Transfer",
      "TransactionDate": "2023-09-04",
      "TransactionTime": "08:00:00",
      "PriorBalance": 16900,
      "TransactionAmount": 1400,
      "SourceAccountNumber": 14701250,
      "TargetAccountNumber": 14701250,
      "Description": "free overdraft protection-(TRANSFER)-(TRANSFER)"
    },
    {
      "$id": "8",
      "TransactionId": "ab70a81d-f68e-41bb-a10f-ac824c8dfe6d",
      "TransactionType": "Transfer",
      "TransactionDate": "2023-11-13",
      "TransactionTime": "08:00:00",
      "PriorBalance": 15500,
      "TransactionAmount": 1400,
      "SourceAccountNumber": 14701250,
      "TargetAccountNumber": 14701250,
      "Description": "free overdraft protection-(TRANSFER)-(TRANSFER)"
    },
    {
      "$id": "9",
      "TransactionId": "9a76a1d8-1538-4970-affa-3fe3ff008a87",
      "TransactionType": "Transfer",
      "TransactionDate": "2023-12-31",
      "TransactionTime": "12:00:00",
      "PriorBalance": 14100,
      "TransactionAmount": 700,
      "SourceAccountNumber": 14701250,
      "TargetAccountNumber": 14701250,
      "Description": "Transfer from checking to savings account-(TRANSFER)"
    },
    {
      "$id": "10",
      "TransactionId": "4ba61468-a024-47db-ac99-a58af13e09de",
      "TransactionType": "Transfer",
      "TransactionDate": "2024-01-15",
      "TransactionTime": "08:00:00",
      "PriorBalance": 14800,
      "TransactionAmount": 1400,
      "SourceAccountNumber": 14701250,
      "TargetAccountNumber": 14701250,
      "Description": "free overdraft protection-(TRANSFER)-(TRANSFER)"
    },
    {
      "$id": "11",
      "TransactionId": "d116c0e9-e18f-416d-92fe-61214e715e6b",
      "TransactionType": "Transfer",
      "TransactionDate": "2024-02-29",
      "TransactionTime": "12:00:00",
      "PriorBalance": 13400,
      "TransactionAmount": 900,
      "SourceAccountNumber": 14701250,
      "TargetAccountNumber": 14701250,
      "Description": "Transfer from checking to savings account-(TRANSFER)"
    },
    {
      "$id": "12",
      "TransactionId": "7afa3633-f0dc-4f9b-9718-63420b7da720",
      "TransactionType": "Transfer",
      "TransactionDate": "2024-03-31",
      "TransactionTime": "12:00:00",
      "PriorBalance": 14300,
      "TransactionAmount": 900,
      "SourceAccountNumber": 14701250,
      "TargetAccountNumber": 14701250,
      "Description": "Transfer from checking to savings account-(TRANSFER)"
    },
    {
      "$id": "13",
      "TransactionId": "109ab011-d47c-4914-beb7-da2882875f8e",
      "TransactionType": "Transfer",
      "TransactionDate": "2024-05-13",
      "TransactionTime": "08:00:00",
      "PriorBalance": 15200,
      "TransactionAmount": 1400,
      "SourceAccountNumber": 14701250,
      "TargetAccountNumber": 14701250,
      "Description": "free overdraft protection-(TRANSFER)-(TRANSFER)"
    },
    {
      "$id": "14",
      "TransactionId": "15d6783d-be6b-40c3-885d-0e984c96117f",
      "TransactionType": "Transfer",
      "TransactionDate": "2024-07-13",
      "TransactionTime": "21:00:00",
      "PriorBalance": 13800,
      "TransactionAmount": 1185,
      "SourceAccountNumber": 14701250,
      "TargetAccountNumber": 14701250,
      "Description": "free overdraft protection-(TRANSFER)-(TRANSFER)"
    },
    {
      "$id": "15",
      "TransactionId": "490f50bf-4d60-4641-9458-9e4911cfc289",
      "TransactionType": "Transfer",
      "TransactionDate": "2024-08-31",
      "TransactionTime": "12:00:00",
      "PriorBalance": 12615,
      "TransactionAmount": 800,
      "SourceAccountNumber": 14701250,
      "TargetAccountNumber": 14701250,
      "Description": "Transfer from checking to savings account-(TRANSFER)"
    },
    {
      "$id": "16",
      "TransactionId": "7e586245-6798-48b5-95a0-f2a3ddfd9761",
      "TransactionType": "Transfer",
      "TransactionDate": "2024-09-09",
      "TransactionTime": "08:00:00",
      "PriorBalance": 13415,
      "TransactionAmount": 1400,
      "SourceAccountNumber": 14701250,
      "TargetAccountNumber": 14701250,
      "Description": "free overdraft protection-(TRANSFER)-(TRANSFER)"
    },
    {
      "$id": "17",
      "TransactionId": "e7128150-a0d0-409e-a045-af9bc90406eb",
      "TransactionType": "Transfer",
      "TransactionDate": "2024-11-11",
      "TransactionTime": "08:00:00",
      "PriorBalance": 12015,
      "TransactionAmount": 1400,
      "SourceAccountNumber": 14701250,
      "TargetAccountNumber": 14701250,
      "Description": "free overdraft protection-(TRANSFER)-(TRANSFER)"
    },
    {
      "$id": "18",
      "TransactionId": "b6e06832-1196-4292-810b-09f5f5ea3130",
      "TransactionType": "Transfer",
      "TransactionDate": "2025-02-03",
      "TransactionTime": "08:00:00",
      "PriorBalance": 10615,
      "TransactionAmount": 1400,
      "SourceAccountNumber": 14701250,
      "TargetAccountNumber": 14701250,
      "Description": "free overdraft protection-(TRANSFER)-(TRANSFER)"
    }
  ]
}