{
  "$id": "1",
  "$values": [
    {
      "$id": "2",
      "TransactionId": "9e110222-c64a-4b8c-a835-65a8c7400d58",
      "TransactionType": "Transfer",
      "TransactionDate": "2023-02-28",
      "TransactionTime": "12:00:00",
      "PriorBalance": 15000,
      "TransactionAmount": 700,
      "SourceAccountNumber": 14701259,
      "TargetAccountNumber": 14701259,
      "Description": "Transfer from checking to savings account-(TRANSFER)"
    },
    {
      "$id": "3",
      "TransactionId": "527660b3-fc65-4e3e-a5b5-7c291f145b98",
      "TransactionType": "Transfer",
      "TransactionDate": "2023-03-31",
      "TransactionTime": "12:00:00",
      "PriorBalance": 15700,
      "TransactionAmount": 800,
      "SourceAccountNumber": 14701259,
      "TargetAccountNumber": 14701259,
      "Description": "Transfer from checking to savings account-(TRANSFER)"
    },
    {
      "$id": "4",
      "TransactionId": "72433c98-808c-4e89-821d-1bd6d58761a9",
      "TransactionType": "Transfer",
      "TransactionDate": "2023-04-30",
      "TransactionTime": "12:00:00",
      "PriorBalance": 16500,
      "TransactionAmount": 800,
      "SourceAccountNumber": 14701259,
      "TargetAccountNumber": 14701259,
      "Description": "Transfer from checking to savings account-(TRANSFER)"
    },
    {
      "$id": "5",
      "TransactionId": "7be1dde5-8a95-4e4e-93b1-eca2610ed56c",
      "TransactionType": "Transfer",
      "TransactionDate": "2023-05-08",
      "TransactionTime": "08:00:00",
      "PriorBalance": 17300,
      "TransactionAmount": 1400,
      "SourceAccountNumber": 14701259,
      "TargetAccountNumber": 14701259,
      "Description": "free overdraft protection-(TRANSFER)-(TRANSFER)"
    },
    {
      "$id": "6",
      "TransactionId": "35cc6e1c-a17b-4c0a-b200-83c94c0bb7dd",
      "TransactionType": "Transfer",
      "TransactionDate": "2023-06-30",
      "TransactionTime": "12:00:00",
      "PriorBalance": 15900,
      "TransactionAmount": 900,
      "SourceAccountNumber": 14701259,
      "TargetAccountNumber": 14701259,
      "Description": "Transfer from checking to savings account-(TRANSFER)"
    },
    {
      "$id": "7",
      "TransactionId": "ccf43caa-5c8a-445b-8458-45abc917ed86",
      "TransactionType": "Transfer",
      "TransactionDate": "2023-09-09",
      "TransactionTime": "21:00:00",
      "PriorBalance": 16800,
      "TransactionAmount": 1214,
      "SourceAccountNumber": 14701259,
      "TargetAccountNumber": 14701259,
      "Description": "free overdraft protection-(TRANSFER)-(TRANSFER)"
    },
    {
      "$id": "8",
      "TransactionId": "63799db4-de42-47f9-9bdf-4b685ac21b02",
      "TransactionType": "Transfer",
      "TransactionDate": "2023-10-16",
      "TransactionTime": "08:00:00",
      "PriorBalance": 15586,
      "TransactionAmount": 1400,
      "SourceAccountNumber": 14701259,
      "TargetAccountNumber": 14701259,
      "Description": "free overdraft protection-(TRANSFER)-(TRANSFER)"
    },
    {
      "$id": "9",
      "TransactionId": "c308aed4-b15d-460b-8f96-5ea5422ab293",
      "TransactionType": "Transfer",
      "TransactionDate": "2023-11-30",
      "TransactionTime": "12:00:00",
      "PriorBalance": 14186,
      "TransactionAmount": 800,
      "SourceAccountNumber": 14701259,
      "TargetAccountNumber": 14701259,
      "Description": "Transfer from checking to savings account-(TRANSFER)"
    },
    {
      "$id": "10",
      "TransactionId": "781ca09d-8c80-4bc9-845c-289713c77483",
      "TransactionType": "Transfer",
      "TransactionDate": "2023-12-31",
      "TransactionTime": "12:00:00",
      "PriorBalance": 14986,
      "TransactionAmount": 800,
      "SourceAccountNumber": 14701259,
      "TargetAccountNumber": 14701259,
      "Description": "Transfer from checking to savings account-(TRANSFER)"
    },
    {
      "$id": "11",
      "TransactionId": "a41f9221-0f81-40ba-b5ec-08755427eaaf",
      "TransactionType": "Transfer",
      "TransactionDate": "2024-01-15",
      "TransactionTime": "08:00:00",
      "PriorBalance": 15786,
      "TransactionAmount": 1400,
      "SourceAccountNumber": 14701259,
      "TargetAccountNumber": 14701259,
      "Description": "free overdraft protection-(TRANSFER)-(TRANSFER)"
    },
    {
      "$id": "12",
      "TransactionId": "afe3f0b5-d909-4f71-8219-c82146e484ab",
      "TransactionType": "Transfer",
      "TransactionDate": "2024-02-29",
      "TransactionTime": "12:00:00",
      "PriorBalance": 14386,
      "TransactionAmount": 800,
      "SourceAccountNumber": 14701259,
      "TargetAccountNumber": 14701259,
      "Description": "Transfer from checking to savings account-(TRANSFER)"
    },
    {
      "$id": "13",
      "TransactionId": "a11e211f-8ea0-41bd-a02f-680aa8a47829",
      "TransactionType": "Transfer",
      "TransactionDate": "2024-03-31",
      "TransactionTime": "12:00:00",
      "PriorBalance": 15186,
      "TransactionAmount": 800,
      "SourceAccountNumber": 14701259,
      "TargetAccountNumber": 14701259,
      "Description": "Transfer from checking to savings account-(TRANSFER)"
    },
    {
      "$id": "14",
      "TransactionId": "542305ba-862e-43ed-b3d5-3f03c133448c",
      "TransactionType": "Transfer",
      "TransactionDate": "2024-04-08",
      "TransactionTime": "08:00:00",
      "PriorBalance": 15986,
      "TransactionAmount": 1400,
      "SourceAccountNumber": 14701259,
      "TargetAccountNumber": 14701259,
      "Description": "free overdraft protection-(TRANSFER)-(TRANSFER)"
    },
    {
      "$id": "15",
      "TransactionId": "b0df5e48-cd76-4b0f-90d6-0bf9ba8dec61",
      "TransactionType": "Transfer",
      "TransactionDate": "2024-05-31",
      "TransactionTime": "12:00:00",
      "PriorBalance": 14586,
      "TransactionAmount": 800,
      "SourceAccountNumber": 14701259,
      "TargetAccountNumber": 14701259,
      "Description": "Transfer from checking to savings account-(TRANSFER)"
    },
    {
      "$id": "16",
      "TransactionId": "31214cc6-5eda-49a2-870f-fee41ddad92c",
      "TransactionType": "Transfer",
      "TransactionDate": "2024-06-10",
      "TransactionTime": "12:00:00",
      "PriorBalance": 15386,
      "TransactionAmount": 1050,
      "SourceAccountNumber": 14701259,
      "TargetAccountNumber": 14701259,
      "Description": "free overdraft protection-(TRANSFER)-(TRANSFER)"
    },
    {
      "$id": "17",
      "TransactionId": "bb0249b5-3bfb-47e5-a871-813d8ad419ac",
      "TransactionType": "Transfer",
      "TransactionDate": "2024-07-15",
      "TransactionTime": "08:00:00",
      "PriorBalance": 14336,
      "TransactionAmount": 1400,
      "SourceAccountNumber": 14701259,
      "TargetAccountNumber": 14701259,
      "Description": "free overdraft protection-(TRANSFER)-(TRANSFER)"
    },
    {
      "$id": "18",
      "TransactionId": "45c2e02e-0e83-484d-9eb5-f11c53385ff3",
      "TransactionType": "Transfer",
      "TransactionDate": "2024-08-31",
      "TransactionTime": "12:00:00",
      "PriorBalance": 12936,
      "TransactionAmount": 900,
      "SourceAccountNumber": 14701259,
      "TargetAccountNumber": 14701259,
      "Description": "Transfer from checking to savings account-(TRANSFER)"
    },
    {
      "$id": "19",
      "TransactionId": "ad85233b-f3bb-4117-9f07-e53e5d117928",
      "TransactionType": "Transfer",
      "TransactionDate": "2024-09-16",
      "TransactionTime": "08:00:00",
      "PriorBalance": 13836,
      "TransactionAmount": 1400,
      "SourceAccountNumber": 14701259,
      "TargetAccountNumber": 14701259,
      "Description": "free overdraft protection-(TRANSFER)-(TRANSFER)"
    },
    {
      "$id": "20",
      "TransactionId": "da363b8a-60cf-4779-ad6a-e782cf475aef",
      "TransactionType": "Transfer",
      "TransactionDate": "2024-10-31",
      "TransactionTime": "12:00:00",
      "PriorBalance": 12436,
      "TransactionAmount": 900,
      "SourceAccountNumber": 14701259,
      "TargetAccountNumber": 14701259,
      "Description": "Transfer from checking to savings account-(TRANSFER)"
    },
    {
      "$id": "21",
      "TransactionId": "5074a540-56c0-4d9b-b637-99c542b0e94f",
      "TransactionType": "Transfer",
      "TransactionDate": "2024-11-30",
      "TransactionTime": "12:00:00",
      "PriorBalance": 13336,
      "TransactionAmount": 900,
      "SourceAccountNumber": 14701259,
      "TargetAccountNumber": 14701259,
      "Description": "Transfer from checking to savings account-(TRANSFER)"
    },
    {
      "$id": "22",
      "TransactionId": "6bfe8893-375c-47f0-b99e-ed356960b9a7",
      "TransactionType": "Transfer",
      "TransactionDate": "2024-12-31",
      "TransactionTime": "12:00:00",
      "PriorBalance": 14236,
      "TransactionAmount": 800,
      "SourceAccountNumber": 14701259,
      "TargetAccountNumber": 14701259,
      "Description": "Transfer from checking to savings account-(TRANSFER)"
    },
    {
      "$id": "23",
      "TransactionId": "83827788-6626-4ff6-af26-96496cb8bfc0",
      "TransactionType": "Transfer",
      "TransactionDate": "2025-02-10",
      "TransactionTime": "08:00:00",
      "PriorBalance": 15036,
      "TransactionAmount": 1400,
      "SourceAccountNumber": 14701259,
      "TargetAccountNumber": 14701259,
      "Description": "free overdraft protection-(TRANSFER)-(TRANSFER)"
    }
  ]
}