{
  "$id": "1",
  "$values": [
    {
      "$id": "2",
      "TransactionId": "6d3d3cb8-d932-4e02-b142-d12af2386318",
      "TransactionType": "Transfer",
      "TransactionDate": "2023-02-28",
      "TransactionTime": "12:00:00",
      "PriorBalance": 15000,
      "TransactionAmount": 800,
      "SourceAccountNumber": 14701295,
      "TargetAccountNumber": 14701295,
      "Description": "Transfer from checking to savings account-(TRANSFER)"
    },
    {
      "$id": "3",
      "TransactionId": "6f24a0e9-7f4c-401a-bebc-e9dd9ca0322c",
      "TransactionType": "Transfer",
      "TransactionDate": "2023-03-31",
      "TransactionTime": "12:00:00",
      "PriorBalance": 15800,
      "TransactionAmount": 800,
      "SourceAccountNumber": 14701295,
      "TargetAccountNumber": 14701295,
      "Description": "Transfer from checking to savings account-(TRANSFER)"
    },
    {
      "$id": "4",
      "TransactionId": "c51e7903-dfca-4b85-b4ba-b3a5ec63fad7",
      "TransactionType": "Transfer",
      "TransactionDate": "2023-04-30",
      "TransactionTime": "12:00:00",
      "PriorBalance": 16600,
      "TransactionAmount": 800,
      "SourceAccountNumber": 14701295,
      "TargetAccountNumber": 14701295,
      "Description": "Transfer from checking to savings account-(TRANSFER)"
    },
    {
      "$id": "5",
      "TransactionId": "44eabdc6-cafe-4533-b4b6-7a21115eb835",
      "TransactionType": "Transfer",
      "TransactionDate": "2023-05-08",
      "TransactionTime": "08:00:00",
      "PriorBalance": 17400,
      "TransactionAmount": 1400,
      "SourceAccountNumber": 14701295,
      "TargetAccountNumber": 14701295,
      "Description": "free overdraft protection-(TRANSFER)-(TRANSFER)"
    },
    {
      "$id": "6",
      "TransactionId": "700e7422-819a-46db-8a79-e5d294056dc9",
      "TransactionType": "Transfer",
      "TransactionDate": "2023-06-30",
      "TransactionTime": "12:00:00",
      "PriorBalance": 16000,
      "TransactionAmount": 700,
      "SourceAccountNumber": 14701295,
      "TargetAccountNumber": 14701295,
      "Description": "Transfer from checking to savings account-(TRANSFER)"
    },
    {
      "$id": "7",
      "TransactionId": "71b97545-92f4-421b-b21f-16f867213222",
      "TransactionType": "Transfer",
      "TransactionDate": "2023-07-08",
      "TransactionTime": "21:00:00",
      "PriorBalance": 16700,
      "TransactionAmount": 1164,
      "SourceAccountNumber": 14701295,
      "TargetAccountNumber": 14701295,
      "Description": "free overdraft protection-(TRANSFER)-(TRANSFER)"
    },
    {
      "$id": "8",
      "TransactionId": "e0804368-ed77-45c7-ad6e-a4d8d393717f",
      "TransactionType": "Transfer",
      "TransactionDate": "2023-08-31",
      "TransactionTime": "12:00:00",
      "PriorBalance": 15536,
      "TransactionAmount": 700,
      "SourceAccountNumber": 14701295,
      "TargetAccountNumber": 14701295,
      "Description": "Transfer from checking to savings account-(TRANSFER)"
    },
    {
      "$id": "9",
      "TransactionId": "395a7d7b-8976-4de1-888d-36667db7e274",
      "TransactionType": "Transfer",
      "TransactionDate": "2023-09-11",
      "TransactionTime": "08:00:00",
      "PriorBalance": 16236,
      "TransactionAmount": 1400,
      "SourceAccountNumber": 14701295,
      "TargetAccountNumber": 14701295,
      "Description": "free overdraft protection-(TRANSFER)-(TRANSFER)"
    },
    {
      "$id": "10",
      "TransactionId": "459537bc-8527-4552-a29f-379b744c8ce5",
      "TransactionType": "Transfer",
      "TransactionDate": "2023-10-31",
      "TransactionTime": "12:00:00",
      "PriorBalance": 14836,
      "TransactionAmount": 700,
      "SourceAccountNumber": 14701295,
      "TargetAccountNumber": 14701295,
      "Description": "Transfer from checking to savings account-(TRANSFER)"
    },
    {
      "$id": "11",
      "TransactionId": "da6ae333-944c-4198-8d64-251c39a1c374",
      "TransactionType": "Transfer",
      "TransactionDate": "2023-11-13",
      "TransactionTime": "08:00:00",
      "PriorBalance": 15536,
      "TransactionAmount": 1400,
      "SourceAccountNumber": 14701295,
      "TargetAccountNumber": 14701295,
      "Description": "free overdraft protection-(TRANSFER)-(TRANSFER)"
    },
    {
      "$id": "12",
      "TransactionId": "de266278-44ec-4317-abb5-e74a6127323a",
      "TransactionType": "Transfer",
      "TransactionDate": "2024-03-11",
      "TransactionTime": "08:00:00",
      "PriorBalance": 14136,
      "TransactionAmount": 1400,
      "SourceAccountNumber": 14701295,
      "TargetAccountNumber": 14701295,
      "Description": "free overdraft protection-(TRANSFER)-(TRANSFER)"
    },
    {
      "$id": "13",
      "TransactionId": "4f278d87-1f6f-4c46-98cd-0a5a7b0c443a",
      "TransactionType": "Transfer",
      "TransactionDate": "2024-06-30",
      "TransactionTime": "12:00:00",
      "PriorBalance": 12736,
      "TransactionAmount": 800,
      "SourceAccountNumber": 14701295,
      "TargetAccountNumber": 14701295,
      "Description": "Transfer from checking to savings account-(TRANSFER)"
    },
    {
      "$id": "14",
      "TransactionId": "a748a873-8cfc-4437-bf86-2b12f4a0cee9",
      "TransactionType": "Transfer",
      "TransactionDate": "2024-07-15",
      "TransactionTime": "08:00:00",
      "PriorBalance": 13536,
      "TransactionAmount": 1400,
      "SourceAccountNumber": 14701295,
      "TargetAccountNumber": 14701295,
      "Description": "free overdraft protection-(TRANSFER)-(TRANSFER)"
    },
    {
      "$id": "15",
      "TransactionId": "311a0694-e93c-4016-bb45-b18bf03c6dab",
      "TransactionType": "Transfer",
      "TransactionDate": "2024-08-31",
      "TransactionTime": "12:00:00",
      "PriorBalance": 12136,
      "TransactionAmount": 900,
      "SourceAccountNumber": 14701295,
      "TargetAccountNumber": 14701295,
      "Description": "Transfer from checking to savings account-(TRANSFER)"
    },
    {
      "$id": "16",
      "TransactionId": "00d5dc67-8676-4caf-af99-936098f1f91f",
      "TransactionType": "Transfer",
      "TransactionDate": "2024-09-30",
      "TransactionTime": "12:00:00",
      "PriorBalance": 13036,
      "TransactionAmount": 800,
      "SourceAccountNumber": 14701295,
      "TargetAccountNumber": 14701295,
      "Description": "Transfer from checking to savings account-(TRANSFER)"
    },
    {
      "$id": "17",
      "TransactionId": "2dd35df8-1b74-49f5-a161-5f8c5b8a781b",
      "TransactionType": "Transfer",
      "TransactionDate": "2024-12-09",
      "TransactionTime": "08:00:00",
      "PriorBalance": 13836,
      "TransactionAmount": 1400,
      "SourceAccountNumber": 14701295,
      "TargetAccountNumber": 14701295,
      "Description": "free overdraft protection-(TRANSFER)-(TRANSFER)"
    },
    {
      "$id": "18",
      "TransactionId": "238d7823-6d50-4768-95ef-aef6174dee8d",
      "TransactionType": "Transfer",
      "TransactionDate": "2025-02-03",
      "TransactionTime": "08:00:00",
      "PriorBalance": 12436,
      "TransactionAmount": 1400,
      "SourceAccountNumber": 14701295,
      "TargetAccountNumber": 14701295,
      "Description": "free overdraft protection-(TRANSFER)-(TRANSFER)"
    }
  ]
}