{
  "$id": "1",
  "$values": [
    {
      "$id": "2",
      "TransactionId": "6464355a-ac5b-4be7-b89a-4ea2e4066ec3",
      "TransactionType": "Transfer",
      "TransactionDate": "2023-02-28",
      "TransactionTime": "12:00:00",
      "PriorBalance": 15000,
      "TransactionAmount": 900,
      "SourceAccountNumber": 14701163,
      "TargetAccountNumber": 14701163,
      "Description": "Transfer from checking to savings account-(TRANSFER)"
    },
    {
      "$id": "3",
      "TransactionId": "d106fb34-8c0d-4d9e-94c1-7b0aafe3c6ac",
      "TransactionType": "Transfer",
      "TransactionDate": "2023-03-31",
      "TransactionTime": "12:00:00",
      "PriorBalance": 15900,
      "TransactionAmount": 800,
      "SourceAccountNumber": 14701163,
      "TargetAccountNumber": 14701163,
      "Description": "Transfer from checking to savings account-(TRANSFER)"
    },
    {
      "$id": "4",
      "TransactionId": "2ec8fffb-0099-4175-8b6f-c1bb5fc61f4e",
      "TransactionType": "Transfer",
      "TransactionDate": "2023-04-30",
      "TransactionTime": "12:00:00",
      "PriorBalance": 16700,
      "TransactionAmount": 800,
      "SourceAccountNumber": 14701163,
      "TargetAccountNumber": 14701163,
      "Description": "Transfer from checking to savings account-(TRANSFER)"
    },
    {
      "$id": "5",
      "TransactionId": "8b28cabe-2e0b-4d75-b874-a940e88ce857",
      "TransactionType": "Transfer",
      "TransactionDate": "2023-05-10",
      "TransactionTime": "12:00:00",
      "PriorBalance": 17500,
      "TransactionAmount": 1050,
      "SourceAccountNumber": 14701163,
      "TargetAccountNumber": 14701163,
      "Description": "free overdraft protection-(TRANSFER)-(TRANSFER)"
    },
    {
      "$id": "6",
      "TransactionId": "a19e9b1d-d11b-41a3-a571-5ecaa34fb550",
      "TransactionType": "Transfer",
      "TransactionDate": "2023-08-12",
      "TransactionTime": "21:00:00",
      "PriorBalance": 16450,
      "TransactionAmount": 1195,
      "SourceAccountNumber": 14701163,
      "TargetAccountNumber": 14701163,
      "Description": "free overdraft protection-(TRANSFER)-(TRANSFER)"
    },
    {
      "$id": "7",
      "TransactionId": "d60219ac-2069-4973-8d9c-6ae1aeeb1df2",
      "TransactionType": "Transfer",
      "TransactionDate": "2023-09-30",
      "TransactionTime": "12:00:00",
      "PriorBalance": 15255,
      "TransactionAmount": 900,
      "SourceAccountNumber": 14701163,
      "TargetAccountNumber": 14701163,
      "Description": "Transfer from checking to savings account-(TRANSFER)"
    },
    {
      "$id": "8",
      "TransactionId": "39b9ec38-4925-4b22-a3f4-80a6c889c82e",
      "TransactionType": "Transfer",
      "TransactionDate": "2023-11-13",
      "TransactionTime": "08:00:00",
      "PriorBalance": 16155,
      "TransactionAmount": 1400,
      "SourceAccountNumber": 14701163,
      "TargetAccountNumber": 14701163,
      "Description": "free overdraft protection-(TRANSFER)-(TRANSFER)"
    },
    {
      "$id": "9",
      "TransactionId": "ee8113f4-cf66-43e5-b835-be863dc96af8",
      "TransactionType": "Transfer",
      "TransactionDate": "2024-01-15",
      "TransactionTime": "08:00:00",
      "PriorBalance": 14755,
      "TransactionAmount": 1400,
      "SourceAccountNumber": 14701163,
      "TargetAccountNumber": 14701163,
      "Description": "free overdraft protection-(TRANSFER)-(TRANSFER)"
    },
    {
      "$id": "10",
      "TransactionId": "78d83299-ee49-4610-b201-959e4aee63c0",
      "TransactionType": "Transfer",
      "TransactionDate": "2024-02-29",
      "TransactionTime": "12:00:00",
      "PriorBalance": 13355,
      "TransactionAmount": 800,
      "SourceAccountNumber": 14701163,
      "TargetAccountNumber": 14701163,
      "Description": "Transfer from checking to savings account-(TRANSFER)"
    },
    {
      "$id": "11",
      "TransactionId": "28bdb0d2-5781-4e01-8f35-8fed58919815",
      "TransactionType": "Transfer",
      "TransactionDate": "2024-05-13",
      "TransactionTime": "08:00:00",
      "PriorBalance": 14155,
      "TransactionAmount": 1400,
      "SourceAccountNumber": 14701163,
      "TargetAccountNumber": 14701163,
      "Description": "free overdraft protection-(TRANSFER)-(TRANSFER)"
    },
    {
      "$id": "12",
      "TransactionId": "665adbde-6f90-4a4e-88e6-3d776d8d2423",
      "TransactionType": "Transfer",
      "TransactionDate": "2024-06-30",
      "TransactionTime": "12:00:00",
      "PriorBalance": 12755,
      "TransactionAmount": 900,
      "SourceAccountNumber": 14701163,
      "TargetAccountNumber": 14701163,
      "Description": "Transfer from checking to savings account-(TRANSFER)"
    },
    {
      "$id": "13",
      "TransactionId": "31a1622d-3a13-4414-b2ec-5886cc339ece",
      "TransactionType": "Transfer",
      "TransactionDate": "2024-07-31",
      "TransactionTime": "12:00:00",
      "PriorBalance": 13655,
      "TransactionAmount": 700,
      "SourceAccountNumber": 14701163,
      "TargetAccountNumber": 14701163,
      "Description": "Transfer from checking to savings account-(TRANSFER)"
    },
    {
      "$id": "14",
      "TransactionId": "847d722b-a78a-4ea1-9e33-a806d60a178f",
      "TransactionType": "Transfer",
      "TransactionDate": "2024-08-05",
      "TransactionTime": "08:00:00",
      "PriorBalance": 14355,
      "TransactionAmount": 1400,
      "SourceAccountNumber": 14701163,
      "TargetAccountNumber": 14701163,
      "Description": "free overdraft protection-(TRANSFER)-(TRANSFER)"
    },
    {
      "$id": "15",
      "TransactionId": "20351cb5-52cc-4e3c-8f8f-f9a24a9c937e",
      "TransactionType": "Transfer",
      "TransactionDate": "2024-09-16",
      "TransactionTime": "08:00:00",
      "PriorBalance": 12955,
      "TransactionAmount": 1400,
      "SourceAccountNumber": 14701163,
      "TargetAccountNumber": 14701163,
      "Description": "free overdraft protection-(TRANSFER)-(TRANSFER)"
    },
    {
      "$id": "16",
      "TransactionId": "1b4ec296-7c27-4d9c-8bf8-f80609e74f80",
      "TransactionType": "Transfer",
      "TransactionDate": "2025-01-13",
      "TransactionTime": "08:00:00",
      "PriorBalance": 11555,
      "TransactionAmount": 1400,
      "SourceAccountNumber": 14701163,
      "TargetAccountNumber": 14701163,
      "Description": "free overdraft protection-(TRANSFER)-(TRANSFER)"
    },
    {
      "$id": "17",
      "TransactionId": "dde4c859-2054-439d-a17e-079c2de05405",
      "TransactionType": "Transfer",
      "TransactionDate": "2025-02-28",
      "TransactionTime": "12:00:00",
      "PriorBalance": 10155,
      "TransactionAmount": 800,
      "SourceAccountNumber": 14701163,
      "TargetAccountNumber": 14701163,
      "Description": "Transfer from checking to savings account-(TRANSFER)"
    }
  ]
}