{
  "$id": "1",
  "$values": [
    {
      "$id": "2",
      "TransactionId": "4b99396f-6abe-44a5-b008-5225bd13fef2",
      "TransactionType": "Transfer",
      "TransactionDate": "2023-02-28",
      "TransactionTime": "12:00:00",
      "PriorBalance": 15000,
      "TransactionAmount": 800,
      "SourceAccountNumber": 14701289,
      "TargetAccountNumber": 14701289,
      "Description": "Transfer from checking to savings account-(TRANSFER)"
    },
    {
      "$id": "3",
      "TransactionId": "95c3d6cd-9c4c-488f-ba0b-f89394596bfc",
      "TransactionType": "Transfer",
      "TransactionDate": "2023-03-31",
      "TransactionTime": "12:00:00",
      "PriorBalance": 15800,
      "TransactionAmount": 700,
      "SourceAccountNumber": 14701289,
      "TargetAccountNumber": 14701289,
      "Description": "Transfer from checking to savings account-(TRANSFER)"
    },
    {
      "$id": "4",
      "TransactionId": "f263229f-5313-4026-b809-365475db49ba",
      "TransactionType": "Transfer",
      "TransactionDate": "2023-05-08",
      "TransactionTime": "08:00:00",
      "PriorBalance": 16500,
      "TransactionAmount": 1400,
      "SourceAccountNumber": 14701289,
      "TargetAccountNumber": 14701289,
      "Description": "free overdraft protection-(TRANSFER)-(TRANSFER)"
    },
    {
      "$id": "5",
      "TransactionId": "2ec6cdcd-1965-49c4-81c2-c5b607b6c050",
      "TransactionType": "Transfer",
      "TransactionDate": "2023-06-12",
      "TransactionTime": "08:00:00",
      "PriorBalance": 15100,
      "TransactionAmount": 1400,
      "SourceAccountNumber": 14701289,
      "TargetAccountNumber": 14701289,
      "Description": "free overdraft protection-(TRANSFER)-(TRANSFER)"
    },
    {
      "$id": "6",
      "TransactionId": "81dc11b9-5c9e-428b-b39f-b4c6544d04ec",
      "TransactionType": "Transfer",
      "TransactionDate": "2023-07-31",
      "TransactionTime": "12:00:00",
      "PriorBalance": 13700,
      "TransactionAmount": 800,
      "SourceAccountNumber": 14701289,
      "TargetAccountNumber": 14701289,
      "Description": "Transfer from checking to savings account-(TRANSFER)"
    },
    {
      "$id": "7",
      "TransactionId": "cda2d4dd-a438-4d6c-aeea-bfb28aef09bb",
      "TransactionType": "Transfer",
      "TransactionDate": "2023-10-31",
      "TransactionTime": "12:00:00",
      "PriorBalance": 14500,
      "TransactionAmount": 800,
      "SourceAccountNumber": 14701289,
      "TargetAccountNumber": 14701289,
      "Description": "Transfer from checking to savings account-(TRANSFER)"
    },
    {
      "$id": "8",
      "TransactionId": "3f9c1451-998d-4276-a957-38f50d08cfcc",
      "TransactionType": "Transfer",
      "TransactionDate": "2024-01-15",
      "TransactionTime": "08:00:00",
      "PriorBalance": 15300,
      "TransactionAmount": 1400,
      "SourceAccountNumber": 14701289,
      "TargetAccountNumber": 14701289,
      "Description": "free overdraft protection-(TRANSFER)-(TRANSFER)"
    },
    {
      "$id": "9",
      "TransactionId": "d877a759-3da7-4884-a6b6-e19a8ffb5f89",
      "TransactionType": "Transfer",
      "TransactionDate": "2024-02-29",
      "TransactionTime": "12:00:00",
      "PriorBalance": 13900,
      "TransactionAmount": 800,
      "SourceAccountNumber": 14701289,
      "TargetAccountNumber": 14701289,
      "Description": "Transfer from checking to savings account-(TRANSFER)"
    },
    {
      "$id": "10",
      "TransactionId": "d34cf091-28cf-4751-a2dd-643e47bdc56b",
      "TransactionType": "Transfer",
      "TransactionDate": "2024-03-31",
      "TransactionTime": "12:00:00",
      "PriorBalance": 14700,
      "TransactionAmount": 700,
      "SourceAccountNumber": 14701289,
      "TargetAccountNumber": 14701289,
      "Description": "Transfer from checking to savings account-(TRANSFER)"
    },
    {
      "$id": "11",
      "TransactionId": "8fb83d8a-d334-4681-b37d-b81a57ad5420",
      "TransactionType": "Transfer",
      "TransactionDate": "2024-04-08",
      "TransactionTime": "08:00:00",
      "PriorBalance": 15400,
      "TransactionAmount": 1400,
      "SourceAccountNumber": 14701289,
      "TargetAccountNumber": 14701289,
      "Description": "free overdraft protection-(TRANSFER)-(TRANSFER)"
    },
    {
      "$id": "12",
      "TransactionId": "fc3977f2-2a56-4447-bd3d-abb00d4cf465",
      "TransactionType": "Transfer",
      "TransactionDate": "2024-06-30",
      "TransactionTime": "12:00:00",
      "PriorBalance": 14000,
      "TransactionAmount": 900,
      "SourceAccountNumber": 14701289,
      "TargetAccountNumber": 14701289,
      "Description": "Transfer from checking to savings account-(TRANSFER)"
    },
    {
      "$id": "13",
      "TransactionId": "8f8129b5-963d-4cb1-808f-b9a4d587f35e",
      "TransactionType": "Transfer",
      "TransactionDate": "2024-09-30",
      "TransactionTime": "12:00:00",
      "PriorBalance": 14900,
      "TransactionAmount": 800,
      "SourceAccountNumber": 14701289,
      "TargetAccountNumber": 14701289,
      "Description": "Transfer from checking to savings account-(TRANSFER)"
    },
    {
      "$id": "14",
      "TransactionId": "ee7a4ae9-0272-46fa-9db9-0e8b63cc5fef",
      "TransactionType": "Transfer",
      "TransactionDate": "2024-10-14",
      "TransactionTime": "08:00:00",
      "PriorBalance": 15700,
      "TransactionAmount": 1400,
      "SourceAccountNumber": 14701289,
      "TargetAccountNumber": 14701289,
      "Description": "free overdraft protection-(TRANSFER)-(TRANSFER)"
    },
    {
      "$id": "15",
      "TransactionId": "59aed7fc-a438-4aaa-bc16-a6baf3962bb8",
      "TransactionType": "Transfer",
      "TransactionDate": "2024-11-30",
      "TransactionTime": "12:00:00",
      "PriorBalance": 14300,
      "TransactionAmount": 900,
      "SourceAccountNumber": 14701289,
      "TargetAccountNumber": 14701289,
      "Description": "Transfer from checking to savings account-(TRANSFER)"
    },
    {
      "$id": "16",
      "TransactionId": "4250fed8-a337-4c95-85c9-bdafdeb4b7ae",
      "TransactionType": "Transfer",
      "TransactionDate": "2024-12-16",
      "TransactionTime": "08:00:00",
      "PriorBalance": 15200,
      "TransactionAmount": 1400,
      "SourceAccountNumber": 14701289,
      "TargetAccountNumber": 14701289,
      "Description": "free overdraft protection-(TRANSFER)-(TRANSFER)"
    },
    {
      "$id": "17",
      "TransactionId": "51e1eded-c4a4-4127-885c-046283051424",
      "TransactionType": "Transfer",
      "TransactionDate": "2025-01-31",
      "TransactionTime": "12:00:00",
      "PriorBalance": 13800,
      "TransactionAmount": 900,
      "SourceAccountNumber": 14701289,
      "TargetAccountNumber": 14701289,
      "Description": "Transfer from checking to savings account-(TRANSFER)"
    },
    {
      "$id": "18",
      "TransactionId": "fe770f68-be2b-4aac-abc3-4e25685e14f6",
      "TransactionType": "Transfer",
      "TransactionDate": "2025-02-28",
      "TransactionTime": "12:00:00",
      "PriorBalance": 14700,
      "TransactionAmount": 900,
      "SourceAccountNumber": 14701289,
      "TargetAccountNumber": 14701289,
      "Description": "Transfer from checking to savings account-(TRANSFER)"
    }
  ]
}