{
  "$id": "1",
  "$values": [
    {
      "$id": "2",
      "TransactionId": "c9e52cfe-d543-470b-8692-bf30f1bdbc5f",
      "TransactionType": "Transfer",
      "TransactionDate": "2023-02-28",
      "TransactionTime": "12:00:00",
      "PriorBalance": 15000,
      "TransactionAmount": 700,
      "SourceAccountNumber": 14701238,
      "TargetAccountNumber": 14701238,
      "Description": "Transfer from checking to savings account-(TRANSFER)"
    },
    {
      "$id": "3",
      "TransactionId": "adcb0105-7f97-44b0-9383-d3dcd333abc2",
      "TransactionType": "Transfer",
      "TransactionDate": "2023-03-31",
      "TransactionTime": "12:00:00",
      "PriorBalance": 15700,
      "TransactionAmount": 900,
      "SourceAccountNumber": 14701238,
      "TargetAccountNumber": 14701238,
      "Description": "Transfer from checking to savings account-(TRANSFER)"
    },
    {
      "$id": "4",
      "TransactionId": "add06e48-8f65-4574-9ac6-c6eb93967f33",
      "TransactionType": "Transfer",
      "TransactionDate": "2023-04-30",
      "TransactionTime": "12:00:00",
      "PriorBalance": 16600,
      "TransactionAmount": 700,
      "SourceAccountNumber": 14701238,
      "TargetAccountNumber": 14701238,
      "Description": "Transfer from checking to savings account-(TRANSFER)"
    },
    {
      "$id": "5",
      "TransactionId": "5b91f936-bf2f-4156-806b-a18489210e57",
      "TransactionType": "Transfer",
      "TransactionDate": "2023-05-08",
      "TransactionTime": "08:00:00",
      "PriorBalance": 17300,
      "TransactionAmount": 1400,
      "SourceAccountNumber": 14701238,
      "TargetAccountNumber": 14701238,
      "Description": "free overdraft protection-(TRANSFER)-(TRANSFER)"
    },
    {
      "$id": "6",
      "TransactionId": "8803a713-f512-4e79-bda8-592fff620346",
      "TransactionType": "Transfer",
      "TransactionDate": "2023-07-10",
      "TransactionTime": "08:00:00",
      "PriorBalance": 15900,
      "TransactionAmount": 1400,
      "SourceAccountNumber": 14701238,
      "TargetAccountNumber": 14701238,
      "Description": "free overdraft protection-(TRANSFER)-(TRANSFER)"
    },
    {
      "$id": "7",
      "TransactionId": "eb8bda3a-69b7-43cf-afe0-d06710fb37c9",
      "TransactionType": "Transfer",
      "TransactionDate": "2023-08-31",
      "TransactionTime": "12:00:00",
      "PriorBalance": 14500,
      "TransactionAmount": 900,
      "SourceAccountNumber": 14701238,
      "TargetAccountNumber": 14701238,
      "Description": "Transfer from checking to savings account-(TRANSFER)"
    },
    {
      "$id": "8",
      "TransactionId": "14e49ba9-d3c4-4623-8f36-75a585e2818b",
      "TransactionType": "Transfer",
      "TransactionDate": "2023-12-04",
      "TransactionTime": "08:00:00",
      "PriorBalance": 15400,
      "TransactionAmount": 1400,
      "SourceAccountNumber": 14701238,
      "TargetAccountNumber": 14701238,
      "Description": "free overdraft protection-(TRANSFER)-(TRANSFER)"
    },
    {
      "$id": "9",
      "TransactionId": "e112a403-82aa-4954-8801-6d5b12a5a553",
      "TransactionType": "Transfer",
      "TransactionDate": "2024-01-15",
      "TransactionTime": "08:00:00",
      "PriorBalance": 14000,
      "TransactionAmount": 1400,
      "SourceAccountNumber": 14701238,
      "TargetAccountNumber": 14701238,
      "Description": "free overdraft protection-(TRANSFER)-(TRANSFER)"
    },
    {
      "$id": "10",
      "TransactionId": "c68b3aeb-6e2d-49f6-9888-dd05278deaf0",
      "TransactionType": "Transfer",
      "TransactionDate": "2024-02-29",
      "TransactionTime": "12:00:00",
      "PriorBalance": 12600,
      "TransactionAmount": 900,
      "SourceAccountNumber": 14701238,
      "TargetAccountNumber": 14701238,
      "Description": "Transfer from checking to savings account-(TRANSFER)"
    },
    {
      "$id": "11",
      "TransactionId": "ca37b91f-9304-489a-bda9-e4d867ff8798",
      "TransactionType": "Transfer",
      "TransactionDate": "2024-03-31",
      "TransactionTime": "12:00:00",
      "PriorBalance": 13500,
      "TransactionAmount": 800,
      "SourceAccountNumber": 14701238,
      "TargetAccountNumber": 14701238,
      "Description": "Transfer from checking to savings account-(TRANSFER)"
    },
    {
      "$id": "12",
      "TransactionId": "0afc8390-7404-46a8-96ed-bcf911bd4f08",
      "TransactionType": "Transfer",
      "TransactionDate": "2024-04-15",
      "TransactionTime": "08:00:00",
      "PriorBalance": 14300,
      "TransactionAmount": 1400,
      "SourceAccountNumber": 14701238,
      "TargetAccountNumber": 14701238,
      "Description": "free overdraft protection-(TRANSFER)-(TRANSFER)"
    },
    {
      "$id": "13",
      "TransactionId": "b00a4af5-7ee6-4a85-b314-2c612f654126",
      "TransactionType": "Transfer",
      "TransactionDate": "2024-06-10",
      "TransactionTime": "08:00:00",
      "PriorBalance": 12900,
      "TransactionAmount": 1400,
      "SourceAccountNumber": 14701238,
      "TargetAccountNumber": 14701238,
      "Description": "free overdraft protection-(TRANSFER)-(TRANSFER)"
    },
    {
      "$id": "14",
      "TransactionId": "2343cccc-42d7-4e39-ab11-4c393a5397af",
      "TransactionType": "Transfer",
      "TransactionDate": "2024-09-16",
      "TransactionTime": "08:00:00",
      "PriorBalance": 11500,
      "TransactionAmount": 1400,
      "SourceAccountNumber": 14701238,
      "TargetAccountNumber": 14701238,
      "Description": "free overdraft protection-(TRANSFER)-(TRANSFER)"
    },
    {
      "$id": "15",
      "TransactionId": "9bb7670f-d39d-4ad9-80b2-1e9c4d9db49e",
      "TransactionType": "Transfer",
      "TransactionDate": "2024-10-31",
      "TransactionTime": "12:00:00",
      "PriorBalance": 10100,
      "TransactionAmount": 800,
      "SourceAccountNumber": 14701238,
      "TargetAccountNumber": 14701238,
      "Description": "Transfer from checking to savings account-(TRANSFER)"
    },
    {
      "$id": "16",
      "TransactionId": "8b6b5ad6-dea8-4810-a48a-65041b3a7060",
      "TransactionType": "Transfer",
      "TransactionDate": "2024-12-14",
      "TransactionTime": "21:00:00",
      "PriorBalance": 10900,
      "TransactionAmount": 1187,
      "SourceAccountNumber": 14701238,
      "TargetAccountNumber": 14701238,
      "Description": "free overdraft protection-(TRANSFER)-(TRANSFER)"
    },
    {
      "$id": "17",
      "TransactionId": "98af3054-2511-40cb-84f9-de04fc8e8e1d",
      "TransactionType": "Transfer",
      "TransactionDate": "2025-01-13",
      "TransactionTime": "08:00:00",
      "PriorBalance": 9713,
      "TransactionAmount": 1400,
      "SourceAccountNumber": 14701238,
      "TargetAccountNumber": 14701238,
      "Description": "free overdraft protection-(TRANSFER)-(TRANSFER)"
    },
    {
      "$id": "18",
      "TransactionId": "63f5dd0b-9ac1-4d29-ba1a-91427503b83e",
      "TransactionType": "Transfer",
      "TransactionDate": "2025-02-28",
      "TransactionTime": "12:00:00",
      "PriorBalance": 8313,
      "TransactionAmount": 900,
      "SourceAccountNumber": 14701238,
      "TargetAccountNumber": 14701238,
      "Description": "Transfer from checking to savings account-(TRANSFER)"
    }
  ]
}