{
  "$id": "1",
  "$values": [
    {
      "$id": "2",
      "TransactionId": "b65bed3b-8119-4846-8393-ab992742458b",
      "TransactionType": "Transfer",
      "TransactionDate": "2023-02-28",
      "TransactionTime": "12:00:00",
      "PriorBalance": 15000,
      "TransactionAmount": 700,
      "SourceAccountNumber": 14701196,
      "TargetAccountNumber": 14701196,
      "Description": "Transfer from checking to savings account-(TRANSFER)"
    },
    {
      "$id": "3",
      "TransactionId": "ba78034d-bd41-45a1-a67e-cb39c2e3b7d3",
      "TransactionType": "Transfer",
      "TransactionDate": "2023-03-31",
      "TransactionTime": "12:00:00",
      "PriorBalance": 15700,
      "TransactionAmount": 800,
      "SourceAccountNumber": 14701196,
      "TargetAccountNumber": 14701196,
      "Description": "Transfer from checking to savings account-(TRANSFER)"
    },
    {
      "$id": "4",
      "TransactionId": "8ef30389-b5d6-4210-a576-780109687fb8",
      "TransactionType": "Transfer",
      "TransactionDate": "2023-07-10",
      "TransactionTime": "08:00:00",
      "PriorBalance": 16500,
      "TransactionAmount": 1400,
      "SourceAccountNumber": 14701196,
      "TargetAccountNumber": 14701196,
      "Description": "free overdraft protection-(TRANSFER)-(TRANSFER)"
    },
    {
      "$id": "5",
      "TransactionId": "4ff2136e-a2d8-4d8e-a264-8a4f0b9e909f",
      "TransactionType": "Transfer",
      "TransactionDate": "2023-09-09",
      "TransactionTime": "21:00:00",
      "PriorBalance": 15100,
      "TransactionAmount": 1167,
      "SourceAccountNumber": 14701196,
      "TargetAccountNumber": 14701196,
      "Description": "free overdraft protection-(TRANSFER)-(TRANSFER)"
    },
    {
      "$id": "6",
      "TransactionId": "997b643a-933c-470f-9c3d-2f9ef86de3cf",
      "TransactionType": "Transfer",
      "TransactionDate": "2023-12-11",
      "TransactionTime": "08:00:00",
      "PriorBalance": 13933,
      "TransactionAmount": 1400,
      "SourceAccountNumber": 14701196,
      "TargetAccountNumber": 14701196,
      "Description": "free overdraft protection-(TRANSFER)-(TRANSFER)"
    },
    {
      "$id": "7",
      "TransactionId": "da74fcd6-f41f-4989-adf3-a124cffcb052",
      "TransactionType": "Transfer",
      "TransactionDate": "2024-02-29",
      "TransactionTime": "12:00:00",
      "PriorBalance": 12533,
      "TransactionAmount": 900,
      "SourceAccountNumber": 14701196,
      "TargetAccountNumber": 14701196,
      "Description": "Transfer from checking to savings account-(TRANSFER)"
    },
    {
      "$id": "8",
      "TransactionId": "3c06b393-0638-4f19-bf9c-1d11a179ad22",
      "TransactionType": "Transfer",
      "TransactionDate": "2024-04-08",
      "TransactionTime": "08:00:00",
      "PriorBalance": 13433,
      "TransactionAmount": 1400,
      "SourceAccountNumber": 14701196,
      "TargetAccountNumber": 14701196,
      "Description": "free overdraft protection-(TRANSFER)-(TRANSFER)"
    },
    {
      "$id": "9",
      "TransactionId": "7f477d48-167c-4a60-b54d-d354816b08e3",
      "TransactionType": "Transfer",
      "TransactionDate": "2024-05-31",
      "TransactionTime": "12:00:00",
      "PriorBalance": 12033,
      "TransactionAmount": 900,
      "SourceAccountNumber": 14701196,
      "TargetAccountNumber": 14701196,
      "Description": "Transfer from checking to savings account-(TRANSFER)"
    },
    {
      "$id": "10",
      "TransactionId": "124590a6-98bf-4ead-8181-ae01ee755a31",
      "TransactionType": "Transfer",
      "TransactionDate": "2024-09-16",
      "TransactionTime": "08:00:00",
      "PriorBalance": 12933,
      "TransactionAmount": 1400,
      "SourceAccountNumber": 14701196,
      "TargetAccountNumber": 14701196,
      "Description": "free overdraft protection-(TRANSFER)-(TRANSFER)"
    },
    {
      "$id": "11",
      "TransactionId": "d971e5a0-681d-4130-85c2-1789624abfe3",
      "TransactionType": "Transfer",
      "TransactionDate": "2024-11-11",
      "TransactionTime": "08:00:00",
      "PriorBalance": 11533,
      "TransactionAmount": 1400,
      "SourceAccountNumber": 14701196,
      "TargetAccountNumber": 14701196,
      "Description": "free overdraft protection-(TRANSFER)-(TRANSFER)"
    },
    {
      "$id": "12",
      "TransactionId": "46719262-66e2-4057-967b-962f4914d2a1",
      "TransactionType": "Transfer",
      "TransactionDate": "2024-12-31",
      "TransactionTime": "12:00:00",
      "PriorBalance": 10133,
      "TransactionAmount": 800,
      "SourceAccountNumber": 14701196,
      "TargetAccountNumber": 14701196,
      "Description": "Transfer from checking to savings account-(TRANSFER)"
    },
    {
      "$id": "13",
      "TransactionId": "00f48cfc-30e5-46b8-8953-f992d81c6c70",
      "TransactionType": "Transfer",
      "TransactionDate": "2025-01-13",
      "TransactionTime": "08:00:00",
      "PriorBalance": 10933,
      "TransactionAmount": 1400,
      "SourceAccountNumber": 14701196,
      "TargetAccountNumber": 14701196,
      "Description": "free overdraft protection-(TRANSFER)-(TRANSFER)"
    },
    {
      "$id": "14",
      "TransactionId": "d7fc01af-1da9-485c-83a8-acb5f903d449",
      "TransactionType": "Transfer",
      "TransactionDate": "2025-02-28",
      "TransactionTime": "12:00:00",
      "PriorBalance": 9533,
      "TransactionAmount": 800,
      "SourceAccountNumber": 14701196,
      "TargetAccountNumber": 14701196,
      "Description": "Transfer from checking to savings account-(TRANSFER)"
    }
  ]
}