{
  "$id": "1",
  "$values": [
    {
      "$id": "2",
      "TransactionId": "86f9c855-3247-4c9b-b703-0ae81b37755e",
      "TransactionType": "Transfer",
      "TransactionDate": "2023-02-28",
      "TransactionTime": "12:00:00",
      "PriorBalance": 15000,
      "TransactionAmount": 800,
      "SourceAccountNumber": 14701235,
      "TargetAccountNumber": 14701235,
      "Description": "Transfer from checking to savings account-(TRANSFER)"
    },
    {
      "$id": "3",
      "TransactionId": "988d1b0e-12ce-44f9-84d8-b3a033e54395",
      "TransactionType": "Transfer",
      "TransactionDate": "2023-03-31",
      "TransactionTime": "12:00:00",
      "PriorBalance": 15800,
      "TransactionAmount": 800,
      "SourceAccountNumber": 14701235,
      "TargetAccountNumber": 14701235,
      "Description": "Transfer from checking to savings account-(TRANSFER)"
    },
    {
      "$id": "4",
      "TransactionId": "a8befb6a-2db2-4438-ad7b-ae4c39dcf4ea",
      "TransactionType": "Transfer",
      "TransactionDate": "2023-04-30",
      "TransactionTime": "12:00:00",
      "PriorBalance": 16600,
      "TransactionAmount": 700,
      "SourceAccountNumber": 14701235,
      "TargetAccountNumber": 14701235,
      "Description": "Transfer from checking to savings account-(TRANSFER)"
    },
    {
      "$id": "5",
      "TransactionId": "fe23d27c-27fd-4df4-b5f0-12ed4c9f4843",
      "TransactionType": "Transfer",
      "TransactionDate": "2023-05-06",
      "TransactionTime": "21:00:00",
      "PriorBalance": 17300,
      "TransactionAmount": 1218,
      "SourceAccountNumber": 14701235,
      "TargetAccountNumber": 14701235,
      "Description": "free overdraft protection-(TRANSFER)-(TRANSFER)"
    },
    {
      "$id": "6",
      "TransactionId": "0a695474-6f85-4ec5-9a1a-4d0bf5bf49b5",
      "TransactionType": "Transfer",
      "TransactionDate": "2023-08-14",
      "TransactionTime": "08:00:00",
      "PriorBalance": 16082,
      "TransactionAmount": 1400,
      "SourceAccountNumber": 14701235,
      "TargetAccountNumber": 14701235,
      "Description": "free overdraft protection-(TRANSFER)-(TRANSFER)"
    },
    {
      "$id": "7",
      "TransactionId": "f7f14862-54a3-4cb3-a893-a18bab3a65e7",
      "TransactionType": "Transfer",
      "TransactionDate": "2023-10-09",
      "TransactionTime": "08:00:00",
      "PriorBalance": 14682,
      "TransactionAmount": 1400,
      "SourceAccountNumber": 14701235,
      "TargetAccountNumber": 14701235,
      "Description": "free overdraft protection-(TRANSFER)-(TRANSFER)"
    },
    {
      "$id": "8",
      "TransactionId": "58f1a35f-a411-4f94-8d0c-7bfb7ca03a46",
      "TransactionType": "Transfer",
      "TransactionDate": "2024-01-13",
      "TransactionTime": "21:00:00",
      "PriorBalance": 13282,
      "TransactionAmount": 1182,
      "SourceAccountNumber": 14701235,
      "TargetAccountNumber": 14701235,
      "Description": "free overdraft protection-(TRANSFER)-(TRANSFER)"
    },
    {
      "$id": "9",
      "TransactionId": "c292957d-933d-4141-9e52-7f44703494ba",
      "TransactionType": "Transfer",
      "TransactionDate": "2024-02-29",
      "TransactionTime": "12:00:00",
      "PriorBalance": 12100,
      "TransactionAmount": 800,
      "SourceAccountNumber": 14701235,
      "TargetAccountNumber": 14701235,
      "Description": "Transfer from checking to savings account-(TRANSFER)"
    },
    {
      "$id": "10",
      "TransactionId": "94c3f363-e7f7-4b65-9422-fb0f89e88b48",
      "TransactionType": "Transfer",
      "TransactionDate": "2024-03-11",
      "TransactionTime": "08:00:00",
      "PriorBalance": 12900,
      "TransactionAmount": 1400,
      "SourceAccountNumber": 14701235,
      "TargetAccountNumber": 14701235,
      "Description": "free overdraft protection-(TRANSFER)-(TRANSFER)"
    },
    {
      "$id": "11",
      "TransactionId": "2c81db2d-1726-4196-ab2a-b5e8cd92c96c",
      "TransactionType": "Transfer",
      "TransactionDate": "2024-04-30",
      "TransactionTime": "12:00:00",
      "PriorBalance": 11500,
      "TransactionAmount": 800,
      "SourceAccountNumber": 14701235,
      "TargetAccountNumber": 14701235,
      "Description": "Transfer from checking to savings account-(TRANSFER)"
    },
    {
      "$id": "12",
      "TransactionId": "386558ec-2489-472c-bede-da78e1f48465",
      "TransactionType": "Transfer",
      "TransactionDate": "2024-06-10",
      "TransactionTime": "08:00:00",
      "PriorBalance": 12300,
      "TransactionAmount": 1400,
      "SourceAccountNumber": 14701235,
      "TargetAccountNumber": 14701235,
      "Description": "free overdraft protection-(TRANSFER)-(TRANSFER)"
    },
    {
      "$id": "13",
      "TransactionId": "40a80aff-b91d-4df5-bd2a-c626690fe84f",
      "TransactionType": "Transfer",
      "TransactionDate": "2024-07-31",
      "TransactionTime": "12:00:00",
      "PriorBalance": 10900,
      "TransactionAmount": 900,
      "SourceAccountNumber": 14701235,
      "TargetAccountNumber": 14701235,
      "Description": "Transfer from checking to savings account-(TRANSFER)"
    },
    {
      "$id": "14",
      "TransactionId": "7fd63a75-7ce8-4c5b-a705-1a4deb152294",
      "TransactionType": "Transfer",
      "TransactionDate": "2024-09-09",
      "TransactionTime": "08:00:00",
      "PriorBalance": 11800,
      "TransactionAmount": 1400,
      "SourceAccountNumber": 14701235,
      "TargetAccountNumber": 14701235,
      "Description": "free overdraft protection-(TRANSFER)-(TRANSFER)"
    },
    {
      "$id": "15",
      "TransactionId": "52ae79f3-41c9-4bc3-83bf-6de9b51f77d4",
      "TransactionType": "Transfer",
      "TransactionDate": "2025-01-04",
      "TransactionTime": "21:00:00",
      "PriorBalance": 10400,
      "TransactionAmount": 1200,
      "SourceAccountNumber": 14701235,
      "TargetAccountNumber": 14701235,
      "Description": "free overdraft protection-(TRANSFER)-(TRANSFER)"
    },
    {
      "$id": "16",
      "TransactionId": "28085a68-5b83-4ef8-8f96-319177649f5f",
      "TransactionType": "Transfer",
      "TransactionDate": "2025-02-28",
      "TransactionTime": "12:00:00",
      "PriorBalance": 9200,
      "TransactionAmount": 900,
      "SourceAccountNumber": 14701235,
      "TargetAccountNumber": 14701235,
      "Description": "Transfer from checking to savings account-(TRANSFER)"
    }
  ]
}