{
  "$id": "1",
  "$values": [
    {
      "$id": "2",
      "TransactionId": "4a3cd368-95a5-429b-ad6e-3dd48c7ce644",
      "TransactionType": "Transfer",
      "TransactionDate": "2023-02-28",
      "TransactionTime": "12:00:00",
      "PriorBalance": 15000,
      "TransactionAmount": 800,
      "SourceAccountNumber": 14701172,
      "TargetAccountNumber": 14701172,
      "Description": "Transfer from checking to savings account-(TRANSFER)"
    },
    {
      "$id": "3",
      "TransactionId": "2065c2b0-7a2c-45d8-9208-3aabce0080bf",
      "TransactionType": "Transfer",
      "TransactionDate": "2023-03-31",
      "TransactionTime": "12:00:00",
      "PriorBalance": 15800,
      "TransactionAmount": 900,
      "SourceAccountNumber": 14701172,
      "TargetAccountNumber": 14701172,
      "Description": "Transfer from checking to savings account-(TRANSFER)"
    },
    {
      "$id": "4",
      "TransactionId": "5b517943-759c-459e-9eee-2f6eca8330fe",
      "TransactionType": "Transfer",
      "TransactionDate": "2023-04-30",
      "TransactionTime": "12:00:00",
      "PriorBalance": 16700,
      "TransactionAmount": 800,
      "SourceAccountNumber": 14701172,
      "TargetAccountNumber": 14701172,
      "Description": "Transfer from checking to savings account-(TRANSFER)"
    },
    {
      "$id": "5",
      "TransactionId": "029791ed-3972-479f-a036-57ee1c0144a2",
      "TransactionType": "Transfer",
      "TransactionDate": "2023-05-15",
      "TransactionTime": "08:00:00",
      "PriorBalance": 17500,
      "TransactionAmount": 1400,
      "SourceAccountNumber": 14701172,
      "TargetAccountNumber": 14701172,
      "Description": "free overdraft protection-(TRANSFER)-(TRANSFER)"
    },
    {
      "$id": "6",
      "TransactionId": "b3c25d2c-e55d-4ad6-9319-8b9cb7c2b9c4",
      "TransactionType": "Transfer",
      "TransactionDate": "2023-06-30",
      "TransactionTime": "12:00:00",
      "PriorBalance": 16100,
      "TransactionAmount": 700,
      "SourceAccountNumber": 14701172,
      "TargetAccountNumber": 14701172,
      "Description": "Transfer from checking to savings account-(TRANSFER)"
    },
    {
      "$id": "7",
      "TransactionId": "5b7e44d1-f5aa-410b-a2f4-2689ad6f5e95",
      "TransactionType": "Transfer",
      "TransactionDate": "2023-08-14",
      "TransactionTime": "08:00:00",
      "PriorBalance": 16800,
      "TransactionAmount": 1400,
      "SourceAccountNumber": 14701172,
      "TargetAccountNumber": 14701172,
      "Description": "free overdraft protection-(TRANSFER)-(TRANSFER)"
    },
    {
      "$id": "8",
      "TransactionId": "e2723cb3-48b6-42a2-91ad-10ccc6c61243",
      "TransactionType": "Transfer",
      "TransactionDate": "2023-12-04",
      "TransactionTime": "08:00:00",
      "PriorBalance": 15400,
      "TransactionAmount": 1400,
      "SourceAccountNumber": 14701172,
      "TargetAccountNumber": 14701172,
      "Description": "free overdraft protection-(TRANSFER)-(TRANSFER)"
    },
    {
      "$id": "9",
      "TransactionId": "3238c038-96ff-4c3e-bfd9-293ed33518e4",
      "TransactionType": "Transfer",
      "TransactionDate": "2024-02-12",
      "TransactionTime": "08:00:00",
      "PriorBalance": 14000,
      "TransactionAmount": 1400,
      "SourceAccountNumber": 14701172,
      "TargetAccountNumber": 14701172,
      "Description": "free overdraft protection-(TRANSFER)-(TRANSFER)"
    },
    {
      "$id": "10",
      "TransactionId": "63b97648-f75a-4cc2-904a-33b9789c3560",
      "TransactionType": "Transfer",
      "TransactionDate": "2024-03-11",
      "TransactionTime": "08:00:00",
      "PriorBalance": 12600,
      "TransactionAmount": 1400,
      "SourceAccountNumber": 14701172,
      "TargetAccountNumber": 14701172,
      "Description": "free overdraft protection-(TRANSFER)-(TRANSFER)"
    },
    {
      "$id": "11",
      "TransactionId": "6d088770-940b-4038-93d8-a894933fac09",
      "TransactionType": "Transfer",
      "TransactionDate": "2024-04-30",
      "TransactionTime": "12:00:00",
      "PriorBalance": 11200,
      "TransactionAmount": 900,
      "SourceAccountNumber": 14701172,
      "TargetAccountNumber": 14701172,
      "Description": "Transfer from checking to savings account-(TRANSFER)"
    },
    {
      "$id": "12",
      "TransactionId": "1843812e-932f-41f8-9eff-3525091fa6c9",
      "TransactionType": "Transfer",
      "TransactionDate": "2024-06-30",
      "TransactionTime": "12:00:00",
      "PriorBalance": 12100,
      "TransactionAmount": 700,
      "SourceAccountNumber": 14701172,
      "TargetAccountNumber": 14701172,
      "Description": "Transfer from checking to savings account-(TRANSFER)"
    },
    {
      "$id": "13",
      "TransactionId": "a2da4497-5888-45e6-9705-1a822a882520",
      "TransactionType": "Transfer",
      "TransactionDate": "2024-07-08",
      "TransactionTime": "08:00:00",
      "PriorBalance": 12800,
      "TransactionAmount": 1400,
      "SourceAccountNumber": 14701172,
      "TargetAccountNumber": 14701172,
      "Description": "free overdraft protection-(TRANSFER)-(TRANSFER)"
    },
    {
      "$id": "14",
      "TransactionId": "03836b90-3031-40cd-9672-cff5ebe079fd",
      "TransactionType": "Transfer",
      "TransactionDate": "2024-08-12",
      "TransactionTime": "08:00:00",
      "PriorBalance": 11400,
      "TransactionAmount": 1400,
      "SourceAccountNumber": 14701172,
      "TargetAccountNumber": 14701172,
      "Description": "free overdraft protection-(TRANSFER)-(TRANSFER)"
    },
    {
      "$id": "15",
      "TransactionId": "ae64bc51-af36-49f5-a5e2-a860ec3d4600",
      "TransactionType": "Transfer",
      "TransactionDate": "2024-09-30",
      "TransactionTime": "12:00:00",
      "PriorBalance": 10000,
      "TransactionAmount": 900,
      "SourceAccountNumber": 14701172,
      "TargetAccountNumber": 14701172,
      "Description": "Transfer from checking to savings account-(TRANSFER)"
    },
    {
      "$id": "16",
      "TransactionId": "e1f89240-c064-4788-80cf-3b05e9ce9928",
      "TransactionType": "Transfer",
      "TransactionDate": "2024-11-11",
      "TransactionTime": "08:00:00",
      "PriorBalance": 10900,
      "TransactionAmount": 1400,
      "SourceAccountNumber": 14701172,
      "TargetAccountNumber": 14701172,
      "Description": "free overdraft protection-(TRANSFER)-(TRANSFER)"
    },
    {
      "$id": "17",
      "TransactionId": "c0bf828a-7c3f-4b0b-8ba0-e83831d32af7",
      "TransactionType": "Transfer",
      "TransactionDate": "2024-12-31",
      "TransactionTime": "12:00:00",
      "PriorBalance": 9500,
      "TransactionAmount": 800,
      "SourceAccountNumber": 14701172,
      "TargetAccountNumber": 14701172,
      "Description": "Transfer from checking to savings account-(TRANSFER)"
    },
    {
      "$id": "18",
      "TransactionId": "8bb6a4e0-c6a9-4e2b-b671-375f95ec63d5",
      "TransactionType": "Transfer",
      "TransactionDate": "2025-01-13",
      "TransactionTime": "08:00:00",
      "PriorBalance": 10300,
      "TransactionAmount": 1400,
      "SourceAccountNumber": 14701172,
      "TargetAccountNumber": 14701172,
      "Description": "free overdraft protection-(TRANSFER)-(TRANSFER)"
    },
    {
      "$id": "19",
      "TransactionId": "0b9238e1-609d-4df7-b41b-7aa2a4fe77fc",
      "TransactionType": "Transfer",
      "TransactionDate": "2025-02-28",
      "TransactionTime": "12:00:00",
      "PriorBalance": 8900,
      "TransactionAmount": 900,
      "SourceAccountNumber": 14701172,
      "TargetAccountNumber": 14701172,
      "Description": "Transfer from checking to savings account-(TRANSFER)"
    }
  ]
}