{
  "$id": "1",
  "$values": [
    {
      "$id": "2",
      "TransactionId": "5290364e-94fc-46ff-b42f-dd79f7da0d83",
      "TransactionType": "Transfer",
      "TransactionDate": "2023-02-28",
      "TransactionTime": "12:00:00",
      "PriorBalance": 15000,
      "TransactionAmount": 900,
      "SourceAccountNumber": 14701178,
      "TargetAccountNumber": 14701178,
      "Description": "Transfer from checking to savings account-(TRANSFER)"
    },
    {
      "$id": "3",
      "TransactionId": "97ecfa16-cb5a-4e53-a8d7-caf55e657e3c",
      "TransactionType": "Transfer",
      "TransactionDate": "2023-03-31",
      "TransactionTime": "12:00:00",
      "PriorBalance": 15900,
      "TransactionAmount": 700,
      "SourceAccountNumber": 14701178,
      "TargetAccountNumber": 14701178,
      "Description": "Transfer from checking to savings account-(TRANSFER)"
    },
    {
      "$id": "4",
      "TransactionId": "f450b30c-b094-42cd-af12-84b5d6666d33",
      "TransactionType": "Transfer",
      "TransactionDate": "2023-05-15",
      "TransactionTime": "08:00:00",
      "PriorBalance": 16600,
      "TransactionAmount": 1400,
      "SourceAccountNumber": 14701178,
      "TargetAccountNumber": 14701178,
      "Description": "free overdraft protection-(TRANSFER)-(TRANSFER)"
    },
    {
      "$id": "5",
      "TransactionId": "a75d1560-5a3b-4f7e-a608-18ee4898115b",
      "TransactionType": "Transfer",
      "TransactionDate": "2023-06-30",
      "TransactionTime": "12:00:00",
      "PriorBalance": 15200,
      "TransactionAmount": 800,
      "SourceAccountNumber": 14701178,
      "TargetAccountNumber": 14701178,
      "Description": "Transfer from checking to savings account-(TRANSFER)"
    },
    {
      "$id": "6",
      "TransactionId": "85c4521f-a8aa-4410-a57d-a9756311b48c",
      "TransactionType": "Transfer",
      "TransactionDate": "2023-09-11",
      "TransactionTime": "08:00:00",
      "PriorBalance": 16000,
      "TransactionAmount": 1400,
      "SourceAccountNumber": 14701178,
      "TargetAccountNumber": 14701178,
      "Description": "free overdraft protection-(TRANSFER)-(TRANSFER)"
    },
    {
      "$id": "7",
      "TransactionId": "add60ac5-dd56-4f64-b58b-b38dbb41e90b",
      "TransactionType": "Transfer",
      "TransactionDate": "2023-10-31",
      "TransactionTime": "12:00:00",
      "PriorBalance": 14600,
      "TransactionAmount": 900,
      "SourceAccountNumber": 14701178,
      "TargetAccountNumber": 14701178,
      "Description": "Transfer from checking to savings account-(TRANSFER)"
    },
    {
      "$id": "8",
      "TransactionId": "0c61c38b-80e2-4459-8b38-90e7f222a1b2",
      "TransactionType": "Transfer",
      "TransactionDate": "2023-11-30",
      "TransactionTime": "12:00:00",
      "PriorBalance": 15500,
      "TransactionAmount": 700,
      "SourceAccountNumber": 14701178,
      "TargetAccountNumber": 14701178,
      "Description": "Transfer from checking to savings account-(TRANSFER)"
    },
    {
      "$id": "9",
      "TransactionId": "b3e8d44e-1078-44f9-898b-c5bbb73d5131",
      "TransactionType": "Transfer",
      "TransactionDate": "2023-12-11",
      "TransactionTime": "08:00:00",
      "PriorBalance": 16200,
      "TransactionAmount": 1400,
      "SourceAccountNumber": 14701178,
      "TargetAccountNumber": 14701178,
      "Description": "free overdraft protection-(TRANSFER)-(TRANSFER)"
    },
    {
      "$id": "10",
      "TransactionId": "1b0d3c35-6215-47e5-ba95-aaa2859e69d5",
      "TransactionType": "Transfer",
      "TransactionDate": "2024-01-15",
      "TransactionTime": "08:00:00",
      "PriorBalance": 14800,
      "TransactionAmount": 1400,
      "SourceAccountNumber": 14701178,
      "TargetAccountNumber": 14701178,
      "Description": "free overdraft protection-(TRANSFER)-(TRANSFER)"
    },
    {
      "$id": "11",
      "TransactionId": "4cb974a2-7a99-4013-a384-aa7eef264cfe",
      "TransactionType": "Transfer",
      "TransactionDate": "2024-02-29",
      "TransactionTime": "12:00:00",
      "PriorBalance": 13400,
      "TransactionAmount": 700,
      "SourceAccountNumber": 14701178,
      "TargetAccountNumber": 14701178,
      "Description": "Transfer from checking to savings account-(TRANSFER)"
    },
    {
      "$id": "12",
      "TransactionId": "0f0d41dd-d904-42f9-a51a-97599a7115a9",
      "TransactionType": "Transfer",
      "TransactionDate": "2024-03-04",
      "TransactionTime": "08:00:00",
      "PriorBalance": 14100,
      "TransactionAmount": 1400,
      "SourceAccountNumber": 14701178,
      "TargetAccountNumber": 14701178,
      "Description": "free overdraft protection-(TRANSFER)-(TRANSFER)"
    },
    {
      "$id": "13",
      "TransactionId": "ededb831-2e0c-44a7-ac76-182724ffdcf8",
      "TransactionType": "Transfer",
      "TransactionDate": "2024-04-30",
      "TransactionTime": "12:00:00",
      "PriorBalance": 12700,
      "TransactionAmount": 700,
      "SourceAccountNumber": 14701178,
      "TargetAccountNumber": 14701178,
      "Description": "Transfer from checking to savings account-(TRANSFER)"
    },
    {
      "$id": "14",
      "TransactionId": "ddb87349-ec04-4467-93a0-24b26c13baa4",
      "TransactionType": "Transfer",
      "TransactionDate": "2024-05-11",
      "TransactionTime": "21:00:00",
      "PriorBalance": 13400,
      "TransactionAmount": 1201,
      "SourceAccountNumber": 14701178,
      "TargetAccountNumber": 14701178,
      "Description": "free overdraft protection-(TRANSFER)-(TRANSFER)"
    },
    {
      "$id": "15",
      "TransactionId": "2a593c61-aa16-40d2-a2ea-53a72cc6f77b",
      "TransactionType": "Transfer",
      "TransactionDate": "2024-07-06",
      "TransactionTime": "21:00:00",
      "PriorBalance": 12199,
      "TransactionAmount": 1206,
      "SourceAccountNumber": 14701178,
      "TargetAccountNumber": 14701178,
      "Description": "free overdraft protection-(TRANSFER)-(TRANSFER)"
    },
    {
      "$id": "16",
      "TransactionId": "fe8c3328-099e-4033-9844-bf00dd38ee88",
      "TransactionType": "Transfer",
      "TransactionDate": "2024-10-31",
      "TransactionTime": "12:00:00",
      "PriorBalance": 10993,
      "TransactionAmount": 800,
      "SourceAccountNumber": 14701178,
      "TargetAccountNumber": 14701178,
      "Description": "Transfer from checking to savings account-(TRANSFER)"
    },
    {
      "$id": "17",
      "TransactionId": "2ff1de54-a769-4953-ab70-b9e69a21d00b",
      "TransactionType": "Transfer",
      "TransactionDate": "2024-11-11",
      "TransactionTime": "08:00:00",
      "PriorBalance": 11793,
      "TransactionAmount": 1400,
      "SourceAccountNumber": 14701178,
      "TargetAccountNumber": 14701178,
      "Description": "free overdraft protection-(TRANSFER)-(TRANSFER)"
    },
    {
      "$id": "18",
      "TransactionId": "8b079762-eb4b-42e7-acd1-9a3b98f8f9cb",
      "TransactionType": "Transfer",
      "TransactionDate": "2024-12-31",
      "TransactionTime": "12:00:00",
      "PriorBalance": 10393,
      "TransactionAmount": 700,
      "SourceAccountNumber": 14701178,
      "TargetAccountNumber": 14701178,
      "Description": "Transfer from checking to savings account-(TRANSFER)"
    },
    {
      "$id": "19",
      "TransactionId": "d6d64506-462f-4f39-92cc-1a55edfe0905",
      "TransactionType": "Transfer",
      "TransactionDate": "2025-01-11",
      "TransactionTime": "21:00:00",
      "PriorBalance": 11093,
      "TransactionAmount": 1217,
      "SourceAccountNumber": 14701178,
      "TargetAccountNumber": 14701178,
      "Description": "free overdraft protection-(TRANSFER)-(TRANSFER)"
    }
  ]
}