{
  "$id": "1",
  "$values": [
    {
      "$id": "2",
      "TransactionId": "71306601-90af-4ba7-9469-497ec72da253",
      "TransactionType": "Transfer",
      "TransactionDate": "2023-02-28",
      "TransactionTime": "12:00:00",
      "PriorBalance": 15000,
      "TransactionAmount": 700,
      "SourceAccountNumber": 14701280,
      "TargetAccountNumber": 14701280,
      "Description": "Transfer from checking to savings account-(TRANSFER)"
    },
    {
      "$id": "3",
      "TransactionId": "6c92993f-ddff-4115-a551-230896f209f2",
      "TransactionType": "Transfer",
      "TransactionDate": "2023-03-31",
      "TransactionTime": "12:00:00",
      "PriorBalance": 15700,
      "TransactionAmount": 800,
      "SourceAccountNumber": 14701280,
      "TargetAccountNumber": 14701280,
      "Description": "Transfer from checking to savings account-(TRANSFER)"
    },
    {
      "$id": "4",
      "TransactionId": "765317e4-03fa-4dd6-a991-25c2697efeae",
      "TransactionType": "Transfer",
      "TransactionDate": "2023-04-30",
      "TransactionTime": "12:00:00",
      "PriorBalance": 16500,
      "TransactionAmount": 700,
      "SourceAccountNumber": 14701280,
      "TargetAccountNumber": 14701280,
      "Description": "Transfer from checking to savings account-(TRANSFER)"
    },
    {
      "$id": "5",
      "TransactionId": "c72ca60b-87a0-4da7-9a98-6975573b2522",
      "TransactionType": "Transfer",
      "TransactionDate": "2023-05-08",
      "TransactionTime": "08:00:00",
      "PriorBalance": 17200,
      "TransactionAmount": 1400,
      "SourceAccountNumber": 14701280,
      "TargetAccountNumber": 14701280,
      "Description": "free overdraft protection-(TRANSFER)-(TRANSFER)"
    },
    {
      "$id": "6",
      "TransactionId": "a586a60c-7bb7-4da9-9c9c-90a4fe80e28d",
      "TransactionType": "Transfer",
      "TransactionDate": "2023-07-10",
      "TransactionTime": "08:00:00",
      "PriorBalance": 15800,
      "TransactionAmount": 1400,
      "SourceAccountNumber": 14701280,
      "TargetAccountNumber": 14701280,
      "Description": "free overdraft protection-(TRANSFER)-(TRANSFER)"
    },
    {
      "$id": "7",
      "TransactionId": "b9f2e45d-5b72-48cc-928b-add9cd130812",
      "TransactionType": "Transfer",
      "TransactionDate": "2023-08-31",
      "TransactionTime": "12:00:00",
      "PriorBalance": 14400,
      "TransactionAmount": 800,
      "SourceAccountNumber": 14701280,
      "TargetAccountNumber": 14701280,
      "Description": "Transfer from checking to savings account-(TRANSFER)"
    },
    {
      "$id": "8",
      "TransactionId": "7870d7e2-b193-41d6-ba97-b8f73a255670",
      "TransactionType": "Transfer",
      "TransactionDate": "2023-10-16",
      "TransactionTime": "08:00:00",
      "PriorBalance": 15200,
      "TransactionAmount": 1400,
      "SourceAccountNumber": 14701280,
      "TargetAccountNumber": 14701280,
      "Description": "free overdraft protection-(TRANSFER)-(TRANSFER)"
    },
    {
      "$id": "9",
      "TransactionId": "b9e27cbe-f345-4559-bd54-e7d8d726268f",
      "TransactionType": "Transfer",
      "TransactionDate": "2023-12-11",
      "TransactionTime": "08:00:00",
      "PriorBalance": 13800,
      "TransactionAmount": 1400,
      "SourceAccountNumber": 14701280,
      "TargetAccountNumber": 14701280,
      "Description": "free overdraft protection-(TRANSFER)-(TRANSFER)"
    },
    {
      "$id": "10",
      "TransactionId": "794a43ed-db19-4a5b-9fe0-44a5d33994f7",
      "TransactionType": "Transfer",
      "TransactionDate": "2024-02-12",
      "TransactionTime": "08:00:00",
      "PriorBalance": 12400,
      "TransactionAmount": 1400,
      "SourceAccountNumber": 14701280,
      "TargetAccountNumber": 14701280,
      "Description": "free overdraft protection-(TRANSFER)-(TRANSFER)"
    },
    {
      "$id": "11",
      "TransactionId": "6ef483e8-c1bb-4b1c-838f-b87d16ea7fad",
      "TransactionType": "Transfer",
      "TransactionDate": "2024-03-31",
      "TransactionTime": "12:00:00",
      "PriorBalance": 11000,
      "TransactionAmount": 800,
      "SourceAccountNumber": 14701280,
      "TargetAccountNumber": 14701280,
      "Description": "Transfer from checking to savings account-(TRANSFER)"
    },
    {
      "$id": "12",
      "TransactionId": "b34879fa-332b-4bb3-9141-27eeac4fc0f1",
      "TransactionType": "Transfer",
      "TransactionDate": "2024-04-15",
      "TransactionTime": "08:00:00",
      "PriorBalance": 11800,
      "TransactionAmount": 1400,
      "SourceAccountNumber": 14701280,
      "TargetAccountNumber": 14701280,
      "Description": "free overdraft protection-(TRANSFER)-(TRANSFER)"
    },
    {
      "$id": "13",
      "TransactionId": "87ef1660-1198-473d-a8c9-e9b61243d884",
      "TransactionType": "Transfer",
      "TransactionDate": "2024-05-31",
      "TransactionTime": "12:00:00",
      "PriorBalance": 10400,
      "TransactionAmount": 800,
      "SourceAccountNumber": 14701280,
      "TargetAccountNumber": 14701280,
      "Description": "Transfer from checking to savings account-(TRANSFER)"
    },
    {
      "$id": "14",
      "TransactionId": "d2cc89a6-ad9c-4ca9-a627-bd0a1dafaf0b",
      "TransactionType": "Transfer",
      "TransactionDate": "2024-07-15",
      "TransactionTime": "08:00:00",
      "PriorBalance": 11200,
      "TransactionAmount": 1400,
      "SourceAccountNumber": 14701280,
      "TargetAccountNumber": 14701280,
      "Description": "free overdraft protection-(TRANSFER)-(TRANSFER)"
    },
    {
      "$id": "15",
      "TransactionId": "d40d47aa-7f69-4082-ab8b-f06866f46197",
      "TransactionType": "Transfer",
      "TransactionDate": "2024-11-30",
      "TransactionTime": "12:00:00",
      "PriorBalance": 9800,
      "TransactionAmount": 800,
      "SourceAccountNumber": 14701280,
      "TargetAccountNumber": 14701280,
      "Description": "Transfer from checking to savings account-(TRANSFER)"
    },
    {
      "$id": "16",
      "TransactionId": "43404444-53a8-4fda-bc38-0e6f6a616c2c",
      "TransactionType": "Transfer",
      "TransactionDate": "2024-12-14",
      "TransactionTime": "21:00:00",
      "PriorBalance": 10600,
      "TransactionAmount": 1178,
      "SourceAccountNumber": 14701280,
      "TargetAccountNumber": 14701280,
      "Description": "free overdraft protection-(TRANSFER)-(TRANSFER)"
    },
    {
      "$id": "17",
      "TransactionId": "03c023bc-363a-405a-abf4-582a882ec6b4",
      "TransactionType": "Transfer",
      "TransactionDate": "2025-01-31",
      "TransactionTime": "12:00:00",
      "PriorBalance": 9422,
      "TransactionAmount": 900,
      "SourceAccountNumber": 14701280,
      "TargetAccountNumber": 14701280,
      "Description": "Transfer from checking to savings account-(TRANSFER)"
    }
  ]
}