{
  "$id": "1",
  "$values": [
    {
      "$id": "2",
      "TransactionId": "f7b82cc0-f712-4dfd-b7cf-118a424803a6",
      "TransactionType": "Transfer",
      "TransactionDate": "2023-02-28",
      "TransactionTime": "12:00:00",
      "PriorBalance": 15000,
      "TransactionAmount": 700,
      "SourceAccountNumber": 14701199,
      "TargetAccountNumber": 14701199,
      "Description": "Transfer from checking to savings account-(TRANSFER)"
    },
    {
      "$id": "3",
      "TransactionId": "3a430a07-6adf-44f9-8ce1-235d4a9098f3",
      "TransactionType": "Transfer",
      "TransactionDate": "2023-03-31",
      "TransactionTime": "12:00:00",
      "PriorBalance": 15700,
      "TransactionAmount": 700,
      "SourceAccountNumber": 14701199,
      "TargetAccountNumber": 14701199,
      "Description": "Transfer from checking to savings account-(TRANSFER)"
    },
    {
      "$id": "4",
      "TransactionId": "c591f0a1-c4e2-4484-bee4-d4bb99670181",
      "TransactionType": "Transfer",
      "TransactionDate": "2023-08-14",
      "TransactionTime": "08:00:00",
      "PriorBalance": 16400,
      "TransactionAmount": 1400,
      "SourceAccountNumber": 14701199,
      "TargetAccountNumber": 14701199,
      "Description": "free overdraft protection-(TRANSFER)-(TRANSFER)"
    },
    {
      "$id": "5",
      "TransactionId": "daa5bb8e-586c-4b01-a170-2170f4e7958c",
      "TransactionType": "Transfer",
      "TransactionDate": "2023-09-30",
      "TransactionTime": "12:00:00",
      "PriorBalance": 15000,
      "TransactionAmount": 900,
      "SourceAccountNumber": 14701199,
      "TargetAccountNumber": 14701199,
      "Description": "Transfer from checking to savings account-(TRANSFER)"
    },
    {
      "$id": "6",
      "TransactionId": "f4ca4bed-2a43-4c58-b034-6ff482f65330",
      "TransactionType": "Transfer",
      "TransactionDate": "2023-11-30",
      "TransactionTime": "12:00:00",
      "PriorBalance": 15900,
      "TransactionAmount": 900,
      "SourceAccountNumber": 14701199,
      "TargetAccountNumber": 14701199,
      "Description": "Transfer from checking to savings account-(TRANSFER)"
    },
    {
      "$id": "7",
      "TransactionId": "f2dfab0e-c18e-4235-9235-a3754c8a9f9b",
      "TransactionType": "Transfer",
      "TransactionDate": "2024-01-31",
      "TransactionTime": "12:00:00",
      "PriorBalance": 16800,
      "TransactionAmount": 700,
      "SourceAccountNumber": 14701199,
      "TargetAccountNumber": 14701199,
      "Description": "Transfer from checking to savings account-(TRANSFER)"
    },
    {
      "$id": "8",
      "TransactionId": "040a5349-aa89-4764-9de8-146a25d69b31",
      "TransactionType": "Transfer",
      "TransactionDate": "2024-02-12",
      "TransactionTime": "08:00:00",
      "PriorBalance": 17500,
      "TransactionAmount": 1400,
      "SourceAccountNumber": 14701199,
      "TargetAccountNumber": 14701199,
      "Description": "free overdraft protection-(TRANSFER)-(TRANSFER)"
    },
    {
      "$id": "9",
      "TransactionId": "e867b87c-0ddb-4778-bb42-2ca1a75a610d",
      "TransactionType": "Transfer",
      "TransactionDate": "2024-04-13",
      "TransactionTime": "21:00:00",
      "PriorBalance": 16100,
      "TransactionAmount": 1207,
      "SourceAccountNumber": 14701199,
      "TargetAccountNumber": 14701199,
      "Description": "free overdraft protection-(TRANSFER)-(TRANSFER)"
    },
    {
      "$id": "10",
      "TransactionId": "9033290a-037d-4f70-b756-013c8823a9e8",
      "TransactionType": "Transfer",
      "TransactionDate": "2024-05-31",
      "TransactionTime": "12:00:00",
      "PriorBalance": 14893,
      "TransactionAmount": 900,
      "SourceAccountNumber": 14701199,
      "TargetAccountNumber": 14701199,
      "Description": "Transfer from checking to savings account-(TRANSFER)"
    },
    {
      "$id": "11",
      "TransactionId": "36ca6100-57a7-4cd2-8a31-b7b680352155",
      "TransactionType": "Transfer",
      "TransactionDate": "2025-01-13",
      "TransactionTime": "08:00:00",
      "PriorBalance": 15793,
      "TransactionAmount": 1400,
      "SourceAccountNumber": 14701199,
      "TargetAccountNumber": 14701199,
      "Description": "free overdraft protection-(TRANSFER)-(TRANSFER)"
    },
    {
      "$id": "12",
      "TransactionId": "6828681d-cd10-4a3c-9192-c380079b5049",
      "TransactionType": "Transfer",
      "TransactionDate": "2025-02-28",
      "TransactionTime": "12:00:00",
      "PriorBalance": 14393,
      "TransactionAmount": 900,
      "SourceAccountNumber": 14701199,
      "TargetAccountNumber": 14701199,
      "Description": "Transfer from checking to savings account-(TRANSFER)"
    }
  ]
}