{
  "$id": "1",
  "$values": [
    {
      "$id": "2",
      "TransactionId": "c5f2998d-8c23-455a-891f-c71b8f37e815",
      "TransactionType": "Transfer",
      "TransactionDate": "2023-02-28",
      "TransactionTime": "12:00:00",
      "PriorBalance": 15000,
      "TransactionAmount": 900,
      "SourceAccountNumber": 14701184,
      "TargetAccountNumber": 14701184,
      "Description": "Transfer from checking to savings account-(TRANSFER)"
    },
    {
      "$id": "3",
      "TransactionId": "14b2d647-767d-4247-959e-38fa3fb58fea",
      "TransactionType": "Transfer",
      "TransactionDate": "2023-03-31",
      "TransactionTime": "12:00:00",
      "PriorBalance": 15900,
      "TransactionAmount": 700,
      "SourceAccountNumber": 14701184,
      "TargetAccountNumber": 14701184,
      "Description": "Transfer from checking to savings account-(TRANSFER)"
    },
    {
      "$id": "4",
      "TransactionId": "ecf81fce-69ab-45b4-b2dc-5a0ab20fea20",
      "TransactionType": "Transfer",
      "TransactionDate": "2023-05-13",
      "TransactionTime": "21:00:00",
      "PriorBalance": 16600,
      "TransactionAmount": 1172,
      "SourceAccountNumber": 14701184,
      "TargetAccountNumber": 14701184,
      "Description": "free overdraft protection-(TRANSFER)-(TRANSFER)"
    },
    {
      "$id": "5",
      "TransactionId": "16e93869-97d4-4276-a547-a9bb3ddde181",
      "TransactionType": "Transfer",
      "TransactionDate": "2023-06-30",
      "TransactionTime": "12:00:00",
      "PriorBalance": 15428,
      "TransactionAmount": 700,
      "SourceAccountNumber": 14701184,
      "TargetAccountNumber": 14701184,
      "Description": "Transfer from checking to savings account-(TRANSFER)"
    },
    {
      "$id": "6",
      "TransactionId": "66d18314-3526-448c-a181-6658d58a73fa",
      "TransactionType": "Transfer",
      "TransactionDate": "2023-07-10",
      "TransactionTime": "08:00:00",
      "PriorBalance": 16128,
      "TransactionAmount": 1400,
      "SourceAccountNumber": 14701184,
      "TargetAccountNumber": 14701184,
      "Description": "free overdraft protection-(TRANSFER)-(TRANSFER)"
    },
    {
      "$id": "7",
      "TransactionId": "6b5d996f-b6b3-4c2f-97b2-1aae5c11cf36",
      "TransactionType": "Transfer",
      "TransactionDate": "2023-08-31",
      "TransactionTime": "12:00:00",
      "PriorBalance": 14728,
      "TransactionAmount": 800,
      "SourceAccountNumber": 14701184,
      "TargetAccountNumber": 14701184,
      "Description": "Transfer from checking to savings account-(TRANSFER)"
    },
    {
      "$id": "8",
      "TransactionId": "50de8b30-cb5d-4a38-a637-b24526f3c1f7",
      "TransactionType": "Transfer",
      "TransactionDate": "2023-12-31",
      "TransactionTime": "12:00:00",
      "PriorBalance": 15528,
      "TransactionAmount": 700,
      "SourceAccountNumber": 14701184,
      "TargetAccountNumber": 14701184,
      "Description": "Transfer from checking to savings account-(TRANSFER)"
    },
    {
      "$id": "9",
      "TransactionId": "d61aae62-9f50-49b1-aa34-efe8828919d4",
      "TransactionType": "Transfer",
      "TransactionDate": "2024-01-06",
      "TransactionTime": "21:00:00",
      "PriorBalance": 16228,
      "TransactionAmount": 1209,
      "SourceAccountNumber": 14701184,
      "TargetAccountNumber": 14701184,
      "Description": "free overdraft protection-(TRANSFER)-(TRANSFER)"
    },
    {
      "$id": "10",
      "TransactionId": "cae5160e-fe4a-4798-bae6-6fd6e424ef71",
      "TransactionType": "Transfer",
      "TransactionDate": "2024-02-12",
      "TransactionTime": "08:00:00",
      "PriorBalance": 15019,
      "TransactionAmount": 1400,
      "SourceAccountNumber": 14701184,
      "TargetAccountNumber": 14701184,
      "Description": "free overdraft protection-(TRANSFER)-(TRANSFER)"
    },
    {
      "$id": "11",
      "TransactionId": "c130e368-2ede-4246-9ffd-58b37ab07032",
      "TransactionType": "Transfer",
      "TransactionDate": "2024-03-31",
      "TransactionTime": "12:00:00",
      "PriorBalance": 13619,
      "TransactionAmount": 700,
      "SourceAccountNumber": 14701184,
      "TargetAccountNumber": 14701184,
      "Description": "Transfer from checking to savings account-(TRANSFER)"
    },
    {
      "$id": "12",
      "TransactionId": "d3d715a8-3d4e-4b5e-8cf1-119c932937fa",
      "TransactionType": "Transfer",
      "TransactionDate": "2024-04-13",
      "TransactionTime": "21:00:00",
      "PriorBalance": 14319,
      "TransactionAmount": 1192,
      "SourceAccountNumber": 14701184,
      "TargetAccountNumber": 14701184,
      "Description": "free overdraft protection-(TRANSFER)-(TRANSFER)"
    },
    {
      "$id": "13",
      "TransactionId": "04cc3ff5-0386-4022-9cf0-b88a462c6c73",
      "TransactionType": "Transfer",
      "TransactionDate": "2024-05-31",
      "TransactionTime": "12:00:00",
      "PriorBalance": 13127,
      "TransactionAmount": 800,
      "SourceAccountNumber": 14701184,
      "TargetAccountNumber": 14701184,
      "Description": "Transfer from checking to savings account-(TRANSFER)"
    },
    {
      "$id": "14",
      "TransactionId": "412407b8-5297-41eb-8dbd-dbf9bd60c924",
      "TransactionType": "Transfer",
      "TransactionDate": "2024-06-10",
      "TransactionTime": "08:00:00",
      "PriorBalance": 13927,
      "TransactionAmount": 1400,
      "SourceAccountNumber": 14701184,
      "TargetAccountNumber": 14701184,
      "Description": "free overdraft protection-(TRANSFER)-(TRANSFER)"
    },
    {
      "$id": "15",
      "TransactionId": "26d6203e-a9ce-4b43-9300-643093ebcbaf",
      "TransactionType": "Transfer",
      "TransactionDate": "2024-07-31",
      "TransactionTime": "12:00:00",
      "PriorBalance": 12527,
      "TransactionAmount": 800,
      "SourceAccountNumber": 14701184,
      "TargetAccountNumber": 14701184,
      "Description": "Transfer from checking to savings account-(TRANSFER)"
    },
    {
      "$id": "16",
      "TransactionId": "b389ad51-8966-4ed2-b1a0-490417ca2490",
      "TransactionType": "Transfer",
      "TransactionDate": "2024-09-16",
      "TransactionTime": "08:00:00",
      "PriorBalance": 13327,
      "TransactionAmount": 1400,
      "SourceAccountNumber": 14701184,
      "TargetAccountNumber": 14701184,
      "Description": "free overdraft protection-(TRANSFER)-(TRANSFER)"
    },
    {
      "$id": "17",
      "TransactionId": "1699d773-4f95-42ea-bbdc-ece692953fff",
      "TransactionType": "Transfer",
      "TransactionDate": "2024-10-31",
      "TransactionTime": "12:00:00",
      "PriorBalance": 11927,
      "TransactionAmount": 900,
      "SourceAccountNumber": 14701184,
      "TargetAccountNumber": 14701184,
      "Description": "Transfer from checking to savings account-(TRANSFER)"
    },
    {
      "$id": "18",
      "TransactionId": "950354cf-4893-473c-b4da-591aed057ac3",
      "TransactionType": "Transfer",
      "TransactionDate": "2024-12-09",
      "TransactionTime": "08:00:00",
      "PriorBalance": 12827,
      "TransactionAmount": 1400,
      "SourceAccountNumber": 14701184,
      "TargetAccountNumber": 14701184,
      "Description": "free overdraft protection-(TRANSFER)-(TRANSFER)"
    },
    {
      "$id": "19",
      "TransactionId": "e24c92ea-7ee1-49cc-958f-c36fab0ea749",
      "TransactionType": "Transfer",
      "TransactionDate": "2025-02-08",
      "TransactionTime": "21:00:00",
      "PriorBalance": 11427,
      "TransactionAmount": 1180,
      "SourceAccountNumber": 14701184,
      "TargetAccountNumber": 14701184,
      "Description": "free overdraft protection-(TRANSFER)-(TRANSFER)"
    }
  ]
}