{
  "$id": "1",
  "$values": [
    {
      "$id": "2",
      "TransactionId": "8c3b4022-cbda-4750-b0ef-8678c462f48d",
      "TransactionType": "Transfer",
      "TransactionDate": "2023-02-28",
      "TransactionTime": "12:00:00",
      "PriorBalance": 15000,
      "TransactionAmount": 700,
      "SourceAccountNumber": 14701160,
      "TargetAccountNumber": 14701160,
      "Description": "Transfer from checking to savings account-(TRANSFER)"
    },
    {
      "$id": "3",
      "TransactionId": "0ba6716f-2b22-4d19-983d-c754d871fd88",
      "TransactionType": "Transfer",
      "TransactionDate": "2023-03-31",
      "TransactionTime": "12:00:00",
      "PriorBalance": 15700,
      "TransactionAmount": 800,
      "SourceAccountNumber": 14701160,
      "TargetAccountNumber": 14701160,
      "Description": "Transfer from checking to savings account-(TRANSFER)"
    },
    {
      "$id": "4",
      "TransactionId": "86c68f17-3dcd-40a0-b5de-179a37094e27",
      "TransactionType": "Transfer",
      "TransactionDate": "2023-05-15",
      "TransactionTime": "08:00:00",
      "PriorBalance": 16500,
      "TransactionAmount": 1400,
      "SourceAccountNumber": 14701160,
      "TargetAccountNumber": 14701160,
      "Description": "free overdraft protection-(TRANSFER)-(TRANSFER)"
    },
    {
      "$id": "5",
      "TransactionId": "e48ae0ca-ff08-4a9d-8fed-ddad165b306f",
      "TransactionType": "Transfer",
      "TransactionDate": "2023-06-30",
      "TransactionTime": "12:00:00",
      "PriorBalance": 15100,
      "TransactionAmount": 900,
      "SourceAccountNumber": 14701160,
      "TargetAccountNumber": 14701160,
      "Description": "Transfer from checking to savings account-(TRANSFER)"
    },
    {
      "$id": "6",
      "TransactionId": "eb7d41cc-728f-4169-b045-ed70b70f324f",
      "TransactionType": "Transfer",
      "TransactionDate": "2023-07-31",
      "TransactionTime": "12:00:00",
      "PriorBalance": 16000,
      "TransactionAmount": 900,
      "SourceAccountNumber": 14701160,
      "TargetAccountNumber": 14701160,
      "Description": "Transfer from checking to savings account-(TRANSFER)"
    },
    {
      "$id": "7",
      "TransactionId": "9ab59aab-1fb5-4bfe-9047-9935b0208644",
      "TransactionType": "Transfer",
      "TransactionDate": "2023-09-11",
      "TransactionTime": "08:00:00",
      "PriorBalance": 16900,
      "TransactionAmount": 1400,
      "SourceAccountNumber": 14701160,
      "TargetAccountNumber": 14701160,
      "Description": "free overdraft protection-(TRANSFER)-(TRANSFER)"
    },
    {
      "$id": "8",
      "TransactionId": "932bd76f-d371-43bf-af20-3380e44ad7ef",
      "TransactionType": "Transfer",
      "TransactionDate": "2023-10-31",
      "TransactionTime": "12:00:00",
      "PriorBalance": 15500,
      "TransactionAmount": 800,
      "SourceAccountNumber": 14701160,
      "TargetAccountNumber": 14701160,
      "Description": "Transfer from checking to savings account-(TRANSFER)"
    },
    {
      "$id": "9",
      "TransactionId": "8da0d7a7-5705-4cc4-a69c-5bcd75b2cb12",
      "TransactionType": "Transfer",
      "TransactionDate": "2023-11-13",
      "TransactionTime": "08:00:00",
      "PriorBalance": 16300,
      "TransactionAmount": 1400,
      "SourceAccountNumber": 14701160,
      "TargetAccountNumber": 14701160,
      "Description": "free overdraft protection-(TRANSFER)-(TRANSFER)"
    },
    {
      "$id": "10",
      "TransactionId": "64638e58-5ddb-4611-ac99-a7f4dfec2f7d",
      "TransactionType": "Transfer",
      "TransactionDate": "2024-02-05",
      "TransactionTime": "08:00:00",
      "PriorBalance": 14900,
      "TransactionAmount": 1400,
      "SourceAccountNumber": 14701160,
      "TargetAccountNumber": 14701160,
      "Description": "free overdraft protection-(TRANSFER)-(TRANSFER)"
    },
    {
      "$id": "11",
      "TransactionId": "8031ca06-79ca-44d7-b689-fc8e26df3978",
      "TransactionType": "Transfer",
      "TransactionDate": "2024-04-15",
      "TransactionTime": "08:00:00",
      "PriorBalance": 13500,
      "TransactionAmount": 1400,
      "SourceAccountNumber": 14701160,
      "TargetAccountNumber": 14701160,
      "Description": "free overdraft protection-(TRANSFER)-(TRANSFER)"
    },
    {
      "$id": "12",
      "TransactionId": "871fdf57-9c12-4be4-80a8-e8c5d532940b",
      "TransactionType": "Transfer",
      "TransactionDate": "2024-05-31",
      "TransactionTime": "12:00:00",
      "PriorBalance": 12100,
      "TransactionAmount": 800,
      "SourceAccountNumber": 14701160,
      "TargetAccountNumber": 14701160,
      "Description": "Transfer from checking to savings account-(TRANSFER)"
    },
    {
      "$id": "13",
      "TransactionId": "9ad641bc-604a-49dc-84e3-d00b875e8ab7",
      "TransactionType": "Transfer",
      "TransactionDate": "2024-07-08",
      "TransactionTime": "08:00:00",
      "PriorBalance": 12900,
      "TransactionAmount": 1400,
      "SourceAccountNumber": 14701160,
      "TargetAccountNumber": 14701160,
      "Description": "free overdraft protection-(TRANSFER)-(TRANSFER)"
    },
    {
      "$id": "14",
      "TransactionId": "decd85d1-3295-4587-92cd-bd85612e4633",
      "TransactionType": "Transfer",
      "TransactionDate": "2024-08-12",
      "TransactionTime": "08:00:00",
      "PriorBalance": 11500,
      "TransactionAmount": 1400,
      "SourceAccountNumber": 14701160,
      "TargetAccountNumber": 14701160,
      "Description": "free overdraft protection-(TRANSFER)-(TRANSFER)"
    },
    {
      "$id": "15",
      "TransactionId": "bed1ff75-8372-42dc-be79-db859343b626",
      "TransactionType": "Transfer",
      "TransactionDate": "2024-09-30",
      "TransactionTime": "12:00:00",
      "PriorBalance": 10100,
      "TransactionAmount": 700,
      "SourceAccountNumber": 14701160,
      "TargetAccountNumber": 14701160,
      "Description": "Transfer from checking to savings account-(TRANSFER)"
    },
    {
      "$id": "16",
      "TransactionId": "c4aea60e-9ed6-419a-b1e1-79b32b79c04d",
      "TransactionType": "Transfer",
      "TransactionDate": "2024-10-14",
      "TransactionTime": "08:00:00",
      "PriorBalance": 10800,
      "TransactionAmount": 1400,
      "SourceAccountNumber": 14701160,
      "TargetAccountNumber": 14701160,
      "Description": "free overdraft protection-(TRANSFER)-(TRANSFER)"
    },
    {
      "$id": "17",
      "TransactionId": "f886194b-4332-4139-a850-e5edcf6231ca",
      "TransactionType": "Transfer",
      "TransactionDate": "2024-11-30",
      "TransactionTime": "12:00:00",
      "PriorBalance": 9400,
      "TransactionAmount": 900,
      "SourceAccountNumber": 14701160,
      "TargetAccountNumber": 14701160,
      "Description": "Transfer from checking to savings account-(TRANSFER)"
    },
    {
      "$id": "18",
      "TransactionId": "b3cc4e72-66e8-4a4a-87c7-9e1ffbbad685",
      "TransactionType": "Transfer",
      "TransactionDate": "2025-01-13",
      "TransactionTime": "08:00:00",
      "PriorBalance": 10300,
      "TransactionAmount": 1400,
      "SourceAccountNumber": 14701160,
      "TargetAccountNumber": 14701160,
      "Description": "free overdraft protection-(TRANSFER)-(TRANSFER)"
    },
    {
      "$id": "19",
      "TransactionId": "6f05edb6-a1ab-4781-a5ce-348a3f7a0929",
      "TransactionType": "Transfer",
      "TransactionDate": "2025-02-28",
      "TransactionTime": "12:00:00",
      "PriorBalance": 8900,
      "TransactionAmount": 900,
      "SourceAccountNumber": 14701160,
      "TargetAccountNumber": 14701160,
      "Description": "Transfer from checking to savings account-(TRANSFER)"
    }
  ]
}