{
  "$id": "1",
  "$values": [
    {
      "$id": "2",
      "TransactionId": "4803c760-cbd0-469b-bb74-c4a821800854",
      "TransactionType": "Transfer",
      "TransactionDate": "2023-02-28",
      "TransactionTime": "12:00:00",
      "PriorBalance": 15000,
      "TransactionAmount": 900,
      "SourceAccountNumber": 14701157,
      "TargetAccountNumber": 14701157,
      "Description": "Transfer from checking to savings account-(TRANSFER)"
    },
    {
      "$id": "3",
      "TransactionId": "5325fe07-0cde-4d4d-bfe6-89570c35d537",
      "TransactionType": "Transfer",
      "TransactionDate": "2023-03-31",
      "TransactionTime": "12:00:00",
      "PriorBalance": 15900,
      "TransactionAmount": 700,
      "SourceAccountNumber": 14701157,
      "TargetAccountNumber": 14701157,
      "Description": "Transfer from checking to savings account-(TRANSFER)"
    },
    {
      "$id": "4",
      "TransactionId": "0207e7b7-86a0-48bf-9b31-6c32b8dbfae6",
      "TransactionType": "Transfer",
      "TransactionDate": "2023-04-30",
      "TransactionTime": "12:00:00",
      "PriorBalance": 16600,
      "TransactionAmount": 900,
      "SourceAccountNumber": 14701157,
      "TargetAccountNumber": 14701157,
      "Description": "Transfer from checking to savings account-(TRANSFER)"
    },
    {
      "$id": "5",
      "TransactionId": "8d02d4d3-fd1b-4d80-8d3e-c3c2eb5a9e4a",
      "TransactionType": "Transfer",
      "TransactionDate": "2023-09-11",
      "TransactionTime": "08:00:00",
      "PriorBalance": 17500,
      "TransactionAmount": 1400,
      "SourceAccountNumber": 14701157,
      "TargetAccountNumber": 14701157,
      "Description": "free overdraft protection-(TRANSFER)-(TRANSFER)"
    },
    {
      "$id": "6",
      "TransactionId": "5c447969-c631-4a09-8ab0-1ece2251b2a1",
      "TransactionType": "Transfer",
      "TransactionDate": "2023-10-31",
      "TransactionTime": "12:00:00",
      "PriorBalance": 16100,
      "TransactionAmount": 900,
      "SourceAccountNumber": 14701157,
      "TargetAccountNumber": 14701157,
      "Description": "Transfer from checking to savings account-(TRANSFER)"
    },
    {
      "$id": "7",
      "TransactionId": "755a7e04-84fe-46de-9efa-aa350fb5e04a",
      "TransactionType": "Transfer",
      "TransactionDate": "2024-01-13",
      "TransactionTime": "21:00:00",
      "PriorBalance": 17000,
      "TransactionAmount": 1201,
      "SourceAccountNumber": 14701157,
      "TargetAccountNumber": 14701157,
      "Description": "free overdraft protection-(TRANSFER)-(TRANSFER)"
    },
    {
      "$id": "8",
      "TransactionId": "9780f1a5-1603-4837-9cb5-6f2cce7602b3",
      "TransactionType": "Transfer",
      "TransactionDate": "2024-02-29",
      "TransactionTime": "12:00:00",
      "PriorBalance": 15799,
      "TransactionAmount": 900,
      "SourceAccountNumber": 14701157,
      "TargetAccountNumber": 14701157,
      "Description": "Transfer from checking to savings account-(TRANSFER)"
    },
    {
      "$id": "9",
      "TransactionId": "80ef3d89-f2cf-4e0b-b4e2-0c9acb3d5cae",
      "TransactionType": "Transfer",
      "TransactionDate": "2024-03-31",
      "TransactionTime": "12:00:00",
      "PriorBalance": 16699,
      "TransactionAmount": 800,
      "SourceAccountNumber": 14701157,
      "TargetAccountNumber": 14701157,
      "Description": "Transfer from checking to savings account-(TRANSFER)"
    },
    {
      "$id": "10",
      "TransactionId": "f359c378-a3a1-4894-9385-9700cc3a0530",
      "TransactionType": "Transfer",
      "TransactionDate": "2024-04-15",
      "TransactionTime": "08:00:00",
      "PriorBalance": 17499,
      "TransactionAmount": 1400,
      "SourceAccountNumber": 14701157,
      "TargetAccountNumber": 14701157,
      "Description": "free overdraft protection-(TRANSFER)-(TRANSFER)"
    },
    {
      "$id": "11",
      "TransactionId": "e1886593-7d51-42d9-b7e1-73282b85ae3d",
      "TransactionType": "Transfer",
      "TransactionDate": "2024-07-13",
      "TransactionTime": "21:00:00",
      "PriorBalance": 16099,
      "TransactionAmount": 1197,
      "SourceAccountNumber": 14701157,
      "TargetAccountNumber": 14701157,
      "Description": "free overdraft protection-(TRANSFER)-(TRANSFER)"
    },
    {
      "$id": "12",
      "TransactionId": "77423a95-1037-4e44-8d07-dcabe8876e55",
      "TransactionType": "Transfer",
      "TransactionDate": "2024-12-16",
      "TransactionTime": "08:00:00",
      "PriorBalance": 14902,
      "TransactionAmount": 1400,
      "SourceAccountNumber": 14701157,
      "TargetAccountNumber": 14701157,
      "Description": "free overdraft protection-(TRANSFER)-(TRANSFER)"
    },
    {
      "$id": "13",
      "TransactionId": "5a5b6986-f9a6-4043-bf0c-93cc0656e9e2",
      "TransactionType": "Transfer",
      "TransactionDate": "2025-01-31",
      "TransactionTime": "12:00:00",
      "PriorBalance": 13502,
      "TransactionAmount": 900,
      "SourceAccountNumber": 14701157,
      "TargetAccountNumber": 14701157,
      "Description": "Transfer from checking to savings account-(TRANSFER)"
    }
  ]
}