{
  "$id": "1",
  "$values": [
    {
      "$id": "2",
      "TransactionId": "a3034d25-2571-4644-bdab-f37194cf90f0",
      "TransactionType": "Transfer",
      "TransactionDate": "2023-02-28",
      "TransactionTime": "12:00:00",
      "PriorBalance": 15000,
      "TransactionAmount": 900,
      "SourceAccountNumber": 14701265,
      "TargetAccountNumber": 14701265,
      "Description": "Transfer from checking to savings account-(TRANSFER)"
    },
    {
      "$id": "3",
      "TransactionId": "2ce6142a-5226-4569-9397-6ee69cd08227",
      "TransactionType": "Transfer",
      "TransactionDate": "2023-03-31",
      "TransactionTime": "12:00:00",
      "PriorBalance": 15900,
      "TransactionAmount": 700,
      "SourceAccountNumber": 14701265,
      "TargetAccountNumber": 14701265,
      "Description": "Transfer from checking to savings account-(TRANSFER)"
    },
    {
      "$id": "4",
      "TransactionId": "e8be5954-57e1-47ac-93c3-89eebd51ad52",
      "TransactionType": "Transfer",
      "TransactionDate": "2023-05-15",
      "TransactionTime": "08:00:00",
      "PriorBalance": 16600,
      "TransactionAmount": 1400,
      "SourceAccountNumber": 14701265,
      "TargetAccountNumber": 14701265,
      "Description": "free overdraft protection-(TRANSFER)-(TRANSFER)"
    },
    {
      "$id": "5",
      "TransactionId": "de579d63-ebb8-4fa2-b0e5-e8e39e92d868",
      "TransactionType": "Transfer",
      "TransactionDate": "2023-08-14",
      "TransactionTime": "08:00:00",
      "PriorBalance": 15200,
      "TransactionAmount": 1400,
      "SourceAccountNumber": 14701265,
      "TargetAccountNumber": 14701265,
      "Description": "free overdraft protection-(TRANSFER)-(TRANSFER)"
    },
    {
      "$id": "6",
      "TransactionId": "ab057278-680d-4dfb-9e22-22e74c9c8630",
      "TransactionType": "Transfer",
      "TransactionDate": "2023-09-30",
      "TransactionTime": "12:00:00",
      "PriorBalance": 13800,
      "TransactionAmount": 800,
      "SourceAccountNumber": 14701265,
      "TargetAccountNumber": 14701265,
      "Description": "Transfer from checking to savings account-(TRANSFER)"
    },
    {
      "$id": "7",
      "TransactionId": "a1843d83-e4c2-49ad-b316-2543cfb446d3",
      "TransactionType": "Transfer",
      "TransactionDate": "2023-10-14",
      "TransactionTime": "21:00:00",
      "PriorBalance": 14600,
      "TransactionAmount": 1213,
      "SourceAccountNumber": 14701265,
      "TargetAccountNumber": 14701265,
      "Description": "free overdraft protection-(TRANSFER)-(TRANSFER)"
    },
    {
      "$id": "8",
      "TransactionId": "7d5bd8fc-dd72-4910-9876-181ca68e03c4",
      "TransactionType": "Transfer",
      "TransactionDate": "2023-11-13",
      "TransactionTime": "08:00:00",
      "PriorBalance": 13387,
      "TransactionAmount": 1400,
      "SourceAccountNumber": 14701265,
      "TargetAccountNumber": 14701265,
      "Description": "free overdraft protection-(TRANSFER)-(TRANSFER)"
    },
    {
      "$id": "9",
      "TransactionId": "8c295555-acc3-40e4-a484-da695e4eb462",
      "TransactionType": "Transfer",
      "TransactionDate": "2023-12-31",
      "TransactionTime": "12:00:00",
      "PriorBalance": 11987,
      "TransactionAmount": 900,
      "SourceAccountNumber": 14701265,
      "TargetAccountNumber": 14701265,
      "Description": "Transfer from checking to savings account-(TRANSFER)"
    },
    {
      "$id": "10",
      "TransactionId": "178b6c16-9404-4c4f-83c5-1a5089b0d371",
      "TransactionType": "Transfer",
      "TransactionDate": "2024-02-29",
      "TransactionTime": "12:00:00",
      "PriorBalance": 12887,
      "TransactionAmount": 900,
      "SourceAccountNumber": 14701265,
      "TargetAccountNumber": 14701265,
      "Description": "Transfer from checking to savings account-(TRANSFER)"
    },
    {
      "$id": "11",
      "TransactionId": "1aa8adc3-feb3-48fd-92d2-7b438bc5bc06",
      "TransactionType": "Transfer",
      "TransactionDate": "2024-03-11",
      "TransactionTime": "08:00:00",
      "PriorBalance": 13787,
      "TransactionAmount": 1400,
      "SourceAccountNumber": 14701265,
      "TargetAccountNumber": 14701265,
      "Description": "free overdraft protection-(TRANSFER)-(TRANSFER)"
    },
    {
      "$id": "12",
      "TransactionId": "c8e472e6-e366-4e5b-90d4-b62f2f2093b4",
      "TransactionType": "Transfer",
      "TransactionDate": "2024-04-15",
      "TransactionTime": "08:00:00",
      "PriorBalance": 12387,
      "TransactionAmount": 1400,
      "SourceAccountNumber": 14701265,
      "TargetAccountNumber": 14701265,
      "Description": "free overdraft protection-(TRANSFER)-(TRANSFER)"
    },
    {
      "$id": "13",
      "TransactionId": "4570bd1f-44ba-47c0-adf3-e83b95db9468",
      "TransactionType": "Transfer",
      "TransactionDate": "2024-05-31",
      "TransactionTime": "12:00:00",
      "PriorBalance": 10987,
      "TransactionAmount": 900,
      "SourceAccountNumber": 14701265,
      "TargetAccountNumber": 14701265,
      "Description": "Transfer from checking to savings account-(TRANSFER)"
    },
    {
      "$id": "14",
      "TransactionId": "6c8f6e17-6d32-4d06-9b0a-694f218aa5c8",
      "TransactionType": "Transfer",
      "TransactionDate": "2024-07-15",
      "TransactionTime": "08:00:00",
      "PriorBalance": 11887,
      "TransactionAmount": 1400,
      "SourceAccountNumber": 14701265,
      "TargetAccountNumber": 14701265,
      "Description": "free overdraft protection-(TRANSFER)-(TRANSFER)"
    },
    {
      "$id": "15",
      "TransactionId": "99d7b982-9627-4fa1-9754-fdadcf5175a1",
      "TransactionType": "Transfer",
      "TransactionDate": "2024-08-31",
      "TransactionTime": "12:00:00",
      "PriorBalance": 10487,
      "TransactionAmount": 900,
      "SourceAccountNumber": 14701265,
      "TargetAccountNumber": 14701265,
      "Description": "Transfer from checking to savings account-(TRANSFER)"
    },
    {
      "$id": "16",
      "TransactionId": "e5a75164-4fbf-4666-83e2-797688aa4e1b",
      "TransactionType": "Transfer",
      "TransactionDate": "2024-09-30",
      "TransactionTime": "12:00:00",
      "PriorBalance": 11387,
      "TransactionAmount": 800,
      "SourceAccountNumber": 14701265,
      "TargetAccountNumber": 14701265,
      "Description": "Transfer from checking to savings account-(TRANSFER)"
    },
    {
      "$id": "17",
      "TransactionId": "b4830559-8688-4bac-9295-3822e7db4629",
      "TransactionType": "Transfer",
      "TransactionDate": "2024-10-14",
      "TransactionTime": "08:00:00",
      "PriorBalance": 12187,
      "TransactionAmount": 1400,
      "SourceAccountNumber": 14701265,
      "TargetAccountNumber": 14701265,
      "Description": "free overdraft protection-(TRANSFER)-(TRANSFER)"
    },
    {
      "$id": "18",
      "TransactionId": "5b89058f-565e-4e93-9811-9e30786df3c8",
      "TransactionType": "Transfer",
      "TransactionDate": "2024-12-09",
      "TransactionTime": "08:00:00",
      "PriorBalance": 10787,
      "TransactionAmount": 1400,
      "SourceAccountNumber": 14701265,
      "TargetAccountNumber": 14701265,
      "Description": "free overdraft protection-(TRANSFER)-(TRANSFER)"
    },
    {
      "$id": "19",
      "TransactionId": "2d53a8f1-301b-47c9-9d28-8e7823dd9ee8",
      "TransactionType": "Transfer",
      "TransactionDate": "2025-01-31",
      "TransactionTime": "12:00:00",
      "PriorBalance": 9387,
      "TransactionAmount": 700,
      "SourceAccountNumber": 14701265,
      "TargetAccountNumber": 14701265,
      "Description": "Transfer from checking to savings account-(TRANSFER)"
    },
    {
      "$id": "20",
      "TransactionId": "ebb57b88-9480-41f4-b0cc-e0f692a360c7",
      "TransactionType": "Transfer",
      "TransactionDate": "2025-02-10",
      "TransactionTime": "08:00:00",
      "PriorBalance": 10087,
      "TransactionAmount": 1400,
      "SourceAccountNumber": 14701265,
      "TargetAccountNumber": 14701265,
      "Description": "free overdraft protection-(TRANSFER)-(TRANSFER)"
    }
  ]
}