{
  "$id": "1",
  "$values": [
    {
      "$id": "2",
      "TransactionId": "715eefcb-2b3b-4fc1-b625-da65c9fcd268",
      "TransactionType": "Transfer",
      "TransactionDate": "2023-02-28",
      "TransactionTime": "12:00:00",
      "PriorBalance": 15000,
      "TransactionAmount": 700,
      "SourceAccountNumber": 14701268,
      "TargetAccountNumber": 14701268,
      "Description": "Transfer from checking to savings account-(TRANSFER)"
    },
    {
      "$id": "3",
      "TransactionId": "c90d4fc8-b1e8-49c7-a723-15271c9bcfca",
      "TransactionType": "Transfer",
      "TransactionDate": "2023-03-31",
      "TransactionTime": "12:00:00",
      "PriorBalance": 15700,
      "TransactionAmount": 900,
      "SourceAccountNumber": 14701268,
      "TargetAccountNumber": 14701268,
      "Description": "Transfer from checking to savings account-(TRANSFER)"
    },
    {
      "$id": "4",
      "TransactionId": "64d8b063-0333-479a-8a7f-12d963c59b0e",
      "TransactionType": "Transfer",
      "TransactionDate": "2023-04-30",
      "TransactionTime": "12:00:00",
      "PriorBalance": 16600,
      "TransactionAmount": 800,
      "SourceAccountNumber": 14701268,
      "TargetAccountNumber": 14701268,
      "Description": "Transfer from checking to savings account-(TRANSFER)"
    },
    {
      "$id": "5",
      "TransactionId": "f34a0f8a-7e45-457e-99a8-110078a77cf5",
      "TransactionType": "Transfer",
      "TransactionDate": "2023-05-15",
      "TransactionTime": "08:00:00",
      "PriorBalance": 17400,
      "TransactionAmount": 1400,
      "SourceAccountNumber": 14701268,
      "TargetAccountNumber": 14701268,
      "Description": "free overdraft protection-(TRANSFER)-(TRANSFER)"
    },
    {
      "$id": "6",
      "TransactionId": "7029cf10-1305-4385-a60d-23afbba8ebd8",
      "TransactionType": "Transfer",
      "TransactionDate": "2023-06-30",
      "TransactionTime": "12:00:00",
      "PriorBalance": 16000,
      "TransactionAmount": 700,
      "SourceAccountNumber": 14701268,
      "TargetAccountNumber": 14701268,
      "Description": "Transfer from checking to savings account-(TRANSFER)"
    },
    {
      "$id": "7",
      "TransactionId": "f250fa31-0981-4b24-ab2a-cf24c9616b23",
      "TransactionType": "Transfer",
      "TransactionDate": "2023-08-31",
      "TransactionTime": "12:00:00",
      "PriorBalance": 16700,
      "TransactionAmount": 900,
      "SourceAccountNumber": 14701268,
      "TargetAccountNumber": 14701268,
      "Description": "Transfer from checking to savings account-(TRANSFER)"
    },
    {
      "$id": "8",
      "TransactionId": "f0939a63-38de-4511-af62-1ff88951b38a",
      "TransactionType": "Transfer",
      "TransactionDate": "2023-10-09",
      "TransactionTime": "08:00:00",
      "PriorBalance": 17600,
      "TransactionAmount": 1400,
      "SourceAccountNumber": 14701268,
      "TargetAccountNumber": 14701268,
      "Description": "free overdraft protection-(TRANSFER)-(TRANSFER)"
    },
    {
      "$id": "9",
      "TransactionId": "d8d1ea8b-1634-4e32-8809-4b8ae486f3e4",
      "TransactionType": "Transfer",
      "TransactionDate": "2023-12-10",
      "TransactionTime": "12:00:00",
      "PriorBalance": 16200,
      "TransactionAmount": 1050,
      "SourceAccountNumber": 14701268,
      "TargetAccountNumber": 14701268,
      "Description": "free overdraft protection-(TRANSFER)-(TRANSFER)"
    },
    {
      "$id": "10",
      "TransactionId": "2b3c742e-daa4-4e05-aa78-193d0c883420",
      "TransactionType": "Transfer",
      "TransactionDate": "2024-03-31",
      "TransactionTime": "12:00:00",
      "PriorBalance": 15150,
      "TransactionAmount": 900,
      "SourceAccountNumber": 14701268,
      "TargetAccountNumber": 14701268,
      "Description": "Transfer from checking to savings account-(TRANSFER)"
    },
    {
      "$id": "11",
      "TransactionId": "89e61757-16de-40fb-be9a-0df1895b2823",
      "TransactionType": "Transfer",
      "TransactionDate": "2024-04-15",
      "TransactionTime": "08:00:00",
      "PriorBalance": 16050,
      "TransactionAmount": 1400,
      "SourceAccountNumber": 14701268,
      "TargetAccountNumber": 14701268,
      "Description": "free overdraft protection-(TRANSFER)-(TRANSFER)"
    },
    {
      "$id": "12",
      "TransactionId": "f64c4321-ca55-4c46-a43d-0d90c1c41467",
      "TransactionType": "Transfer",
      "TransactionDate": "2024-05-31",
      "TransactionTime": "12:00:00",
      "PriorBalance": 14650,
      "TransactionAmount": 800,
      "SourceAccountNumber": 14701268,
      "TargetAccountNumber": 14701268,
      "Description": "Transfer from checking to savings account-(TRANSFER)"
    },
    {
      "$id": "13",
      "TransactionId": "8fe750d1-e3cc-44f0-ac45-450bfbf00fb8",
      "TransactionType": "Transfer",
      "TransactionDate": "2024-07-01",
      "TransactionTime": "12:00:00",
      "PriorBalance": 15450,
      "TransactionAmount": 3923.8999999999996,
      "SourceAccountNumber": 14701268,
      "TargetAccountNumber": 14701268,
      "Description": "free overdraft protection-(TRANSFER)-(TRANSFER)"
    },
    {
      "$id": "14",
      "TransactionId": "7e19def3-6c2b-4e72-a453-97e63cc27828",
      "TransactionType": "Transfer",
      "TransactionDate": "2024-08-31",
      "TransactionTime": "12:00:00",
      "PriorBalance": 11526.1,
      "TransactionAmount": 800,
      "SourceAccountNumber": 14701268,
      "TargetAccountNumber": 14701268,
      "Description": "Transfer from checking to savings account-(TRANSFER)"
    },
    {
      "$id": "15",
      "TransactionId": "397bca6d-9de7-4207-b1c4-3efab4147092",
      "TransactionType": "Transfer",
      "TransactionDate": "2024-09-30",
      "TransactionTime": "12:00:00",
      "PriorBalance": 12326.1,
      "TransactionAmount": 900,
      "SourceAccountNumber": 14701268,
      "TargetAccountNumber": 14701268,
      "Description": "Transfer from checking to savings account-(TRANSFER)"
    },
    {
      "$id": "16",
      "TransactionId": "35a40b0c-f0d3-4ba8-b175-80a1cd3ea2f7",
      "TransactionType": "Transfer",
      "TransactionDate": "2024-10-31",
      "TransactionTime": "12:00:00",
      "PriorBalance": 13226.1,
      "TransactionAmount": 900,
      "SourceAccountNumber": 14701268,
      "TargetAccountNumber": 14701268,
      "Description": "Transfer from checking to savings account-(TRANSFER)"
    },
    {
      "$id": "17",
      "TransactionId": "8fed51a4-a861-4984-90e4-d1c5a719d83a",
      "TransactionType": "Transfer",
      "TransactionDate": "2024-12-31",
      "TransactionTime": "12:00:00",
      "PriorBalance": 14126.1,
      "TransactionAmount": 900,
      "SourceAccountNumber": 14701268,
      "TargetAccountNumber": 14701268,
      "Description": "Transfer from checking to savings account-(TRANSFER)"
    },
    {
      "$id": "18",
      "TransactionId": "dd97d866-d35e-4840-b61a-143170cf65ed",
      "TransactionType": "Transfer",
      "TransactionDate": "2025-02-10",
      "TransactionTime": "08:00:00",
      "PriorBalance": 15026.1,
      "TransactionAmount": 1400,
      "SourceAccountNumber": 14701268,
      "TargetAccountNumber": 14701268,
      "Description": "free overdraft protection-(TRANSFER)-(TRANSFER)"
    }
  ]
}