{
  "$id": "1",
  "$values": [
    {
      "$id": "2",
      "TransactionId": "1b8c643b-0cd2-420b-a480-a4d58ef0d717",
      "TransactionType": "Transfer",
      "TransactionDate": "2023-02-28",
      "TransactionTime": "12:00:00",
      "PriorBalance": 15000,
      "TransactionAmount": 700,
      "SourceAccountNumber": 14701271,
      "TargetAccountNumber": 14701271,
      "Description": "Transfer from checking to savings account-(TRANSFER)"
    },
    {
      "$id": "3",
      "TransactionId": "6fc9c8e6-699e-4cf7-90c8-ea4f863962e7",
      "TransactionType": "Transfer",
      "TransactionDate": "2023-03-31",
      "TransactionTime": "12:00:00",
      "PriorBalance": 15700,
      "TransactionAmount": 800,
      "SourceAccountNumber": 14701271,
      "TargetAccountNumber": 14701271,
      "Description": "Transfer from checking to savings account-(TRANSFER)"
    },
    {
      "$id": "4",
      "TransactionId": "e9490298-8362-4883-b505-c9d5f27a92b7",
      "TransactionType": "Transfer",
      "TransactionDate": "2023-04-30",
      "TransactionTime": "12:00:00",
      "PriorBalance": 16500,
      "TransactionAmount": 800,
      "SourceAccountNumber": 14701271,
      "TargetAccountNumber": 14701271,
      "Description": "Transfer from checking to savings account-(TRANSFER)"
    },
    {
      "$id": "5",
      "TransactionId": "ecc92f31-dd17-45bd-b791-e10884ef2c8e",
      "TransactionType": "Transfer",
      "TransactionDate": "2023-05-15",
      "TransactionTime": "08:00:00",
      "PriorBalance": 17300,
      "TransactionAmount": 1400,
      "SourceAccountNumber": 14701271,
      "TargetAccountNumber": 14701271,
      "Description": "free overdraft protection-(TRANSFER)-(TRANSFER)"
    },
    {
      "$id": "6",
      "TransactionId": "696caf3f-7ed3-45d0-8b2c-b3c31e5f4008",
      "TransactionType": "Transfer",
      "TransactionDate": "2023-07-31",
      "TransactionTime": "12:00:00",
      "PriorBalance": 15900,
      "TransactionAmount": 900,
      "SourceAccountNumber": 14701271,
      "TargetAccountNumber": 14701271,
      "Description": "Transfer from checking to savings account-(TRANSFER)"
    },
    {
      "$id": "7",
      "TransactionId": "0e3cb33c-48a0-4f76-8faa-80c262e4a9ad",
      "TransactionType": "Transfer",
      "TransactionDate": "2023-09-09",
      "TransactionTime": "21:00:00",
      "PriorBalance": 16800,
      "TransactionAmount": 1190,
      "SourceAccountNumber": 14701271,
      "TargetAccountNumber": 14701271,
      "Description": "free overdraft protection-(TRANSFER)-(TRANSFER)"
    },
    {
      "$id": "8",
      "TransactionId": "95db2ef1-1793-4f16-990b-230a5e659afb",
      "TransactionType": "Transfer",
      "TransactionDate": "2023-10-31",
      "TransactionTime": "12:00:00",
      "PriorBalance": 15610,
      "TransactionAmount": 800,
      "SourceAccountNumber": 14701271,
      "TargetAccountNumber": 14701271,
      "Description": "Transfer from checking to savings account-(TRANSFER)"
    },
    {
      "$id": "9",
      "TransactionId": "bbc54761-852e-45ee-bf4c-7309b76ca354",
      "TransactionType": "Transfer",
      "TransactionDate": "2023-11-06",
      "TransactionTime": "08:00:00",
      "PriorBalance": 16410,
      "TransactionAmount": 1400,
      "SourceAccountNumber": 14701271,
      "TargetAccountNumber": 14701271,
      "Description": "free overdraft protection-(TRANSFER)-(TRANSFER)"
    },
    {
      "$id": "10",
      "TransactionId": "e8112583-07b7-4766-8cb8-1f6339152e68",
      "TransactionType": "Transfer",
      "TransactionDate": "2023-12-31",
      "TransactionTime": "12:00:00",
      "PriorBalance": 15010,
      "TransactionAmount": 700,
      "SourceAccountNumber": 14701271,
      "TargetAccountNumber": 14701271,
      "Description": "Transfer from checking to savings account-(TRANSFER)"
    },
    {
      "$id": "11",
      "TransactionId": "9443ceba-cedb-4399-b5b2-ec433188a118",
      "TransactionType": "Transfer",
      "TransactionDate": "2024-01-08",
      "TransactionTime": "08:00:00",
      "PriorBalance": 15710,
      "TransactionAmount": 1400,
      "SourceAccountNumber": 14701271,
      "TargetAccountNumber": 14701271,
      "Description": "free overdraft protection-(TRANSFER)-(TRANSFER)"
    },
    {
      "$id": "12",
      "TransactionId": "cee91d86-cc9b-4432-8ad5-a104bdf74977",
      "TransactionType": "Transfer",
      "TransactionDate": "2024-02-29",
      "TransactionTime": "12:00:00",
      "PriorBalance": 14310,
      "TransactionAmount": 900,
      "SourceAccountNumber": 14701271,
      "TargetAccountNumber": 14701271,
      "Description": "Transfer from checking to savings account-(TRANSFER)"
    },
    {
      "$id": "13",
      "TransactionId": "1582d2de-356d-4046-b7e8-499f538be487",
      "TransactionType": "Transfer",
      "TransactionDate": "2024-04-15",
      "TransactionTime": "08:00:00",
      "PriorBalance": 15210,
      "TransactionAmount": 1400,
      "SourceAccountNumber": 14701271,
      "TargetAccountNumber": 14701271,
      "Description": "free overdraft protection-(TRANSFER)-(TRANSFER)"
    },
    {
      "$id": "14",
      "TransactionId": "c4943f37-7d0c-4fe1-9c2a-59677fec9f14",
      "TransactionType": "Transfer",
      "TransactionDate": "2024-05-31",
      "TransactionTime": "12:00:00",
      "PriorBalance": 13810,
      "TransactionAmount": 900,
      "SourceAccountNumber": 14701271,
      "TargetAccountNumber": 14701271,
      "Description": "Transfer from checking to savings account-(TRANSFER)"
    },
    {
      "$id": "15",
      "TransactionId": "b2477d5e-b3cc-4862-947e-c28f328c7baa",
      "TransactionType": "Transfer",
      "TransactionDate": "2024-06-30",
      "TransactionTime": "12:00:00",
      "PriorBalance": 14710,
      "TransactionAmount": 900,
      "SourceAccountNumber": 14701271,
      "TargetAccountNumber": 14701271,
      "Description": "Transfer from checking to savings account-(TRANSFER)"
    },
    {
      "$id": "16",
      "TransactionId": "6e072ee5-f447-4915-8c78-2ccca9bf891f",
      "TransactionType": "Transfer",
      "TransactionDate": "2024-07-15",
      "TransactionTime": "08:00:00",
      "PriorBalance": 15610,
      "TransactionAmount": 1400,
      "SourceAccountNumber": 14701271,
      "TargetAccountNumber": 14701271,
      "Description": "free overdraft protection-(TRANSFER)-(TRANSFER)"
    },
    {
      "$id": "17",
      "TransactionId": "8451573c-ebd8-4c01-a2e5-b412f1c9b441",
      "TransactionType": "Transfer",
      "TransactionDate": "2024-08-31",
      "TransactionTime": "12:00:00",
      "PriorBalance": 14210,
      "TransactionAmount": 700,
      "SourceAccountNumber": 14701271,
      "TargetAccountNumber": 14701271,
      "Description": "Transfer from checking to savings account-(TRANSFER)"
    },
    {
      "$id": "18",
      "TransactionId": "3c66ce68-9af2-45d6-b286-6024d2a19b16",
      "TransactionType": "Transfer",
      "TransactionDate": "2024-09-14",
      "TransactionTime": "21:00:00",
      "PriorBalance": 14910,
      "TransactionAmount": 1204,
      "SourceAccountNumber": 14701271,
      "TargetAccountNumber": 14701271,
      "Description": "free overdraft protection-(TRANSFER)-(TRANSFER)"
    },
    {
      "$id": "19",
      "TransactionId": "676e6c32-58f9-48fe-bfac-8e40a9027127",
      "TransactionType": "Transfer",
      "TransactionDate": "2024-12-09",
      "TransactionTime": "08:00:00",
      "PriorBalance": 13706,
      "TransactionAmount": 1400,
      "SourceAccountNumber": 14701271,
      "TargetAccountNumber": 14701271,
      "Description": "free overdraft protection-(TRANSFER)-(TRANSFER)"
    },
    {
      "$id": "20",
      "TransactionId": "1e8fc528-c9b4-47dd-a5ba-ffb42820f21a",
      "TransactionType": "Transfer",
      "TransactionDate": "2025-01-31",
      "TransactionTime": "12:00:00",
      "PriorBalance": 12306,
      "TransactionAmount": 900,
      "SourceAccountNumber": 14701271,
      "TargetAccountNumber": 14701271,
      "Description": "Transfer from checking to savings account-(TRANSFER)"
    }
  ]
}